Workbook

Sheet 速览对比
A1: 型号 | B1: 架构代际 | C1: GPU 芯片 | D1: 分类 | E1: CUDA 核心 | F1: Tensor 核心 | G1: FP32 | H1: FP16 非Tensor | I1: FP16 Tensor 稠密 | J1: FP16 Tensor 稀疏 | K1: TF32 Tensor 稠密 | L1: TF32 Tensor 稀疏 | M1: FP64 非Tensor | N1: FP64 Tensor | O1: INT8 峰值 | P1: INT4/FP8/FP4 峰值 | Q1: 低精度类型 | R1: 显存 (GB) | S1: 带宽 (GB/s) | T1: TDP (W) | U1: Target Markets / 目标市场 | V1: 目标市场（细分 2） | W1: 目标市场（细分 3） | X1: GPU / 图形处理单元（架构） | Y1: GPU Cores / CUDA 单元数 | Z1: Tensor Cores / Tensor 核数 | AA1: Core Clock / 基本频率 | AB1: Boost Clock(s) / 超频频率 | AC1: Memory Clock / 显存频率 | AD1: Memory Bus Width / 显存位宽 | AE1: Memory Bandwidth / 显存带宽 | AF1: VRAM / 显存 | AG1: FP16 Computing (non-Tensor) / 半精性能 non-Tensor | AH1: FP16 Tensor Computing/ 半精 Tensor性能 | AI1: FP32 Computing (non-Tensor) / 单精性能 non-Tensor | AJ1: TF32 Tensor Computing / TF32 Tensor性能 | AK1: FP64 Computing (non-Tensor) / 双精性能 non-Tensor | AL1: FP64 Tensor Computing / FP64 Tensor性能 | AM1: INT8 Computing / INT8 性能 | AN1: INT4 Computing / INT4 性能 | AO1: Interconnect Bandwidth / GPU-GPU带宽 | AP1: Transistor Count / 晶体管数量 | AQ1: Form Factor / 外形 | AR1: TDP / 设计功耗
A2: GB300 NVL72 | B2: Blackwell Ultra | C2: GB300（Blackwell Ultra） | D2: 数据中心 | E2: 16896 | F2: 528 | G2: 83 | H2: 166 | I2: 2500 | J2: 5000 | K2: 1250 | L2: 2500 | M2: 1.4 | N2: 1.4 | O2: 375 | P2: 20000 | Q2: FP4 | R2: 288 | S2: 8000 | T2: 1400 | U2: 数据中心（AI 工厂 / 机柜级方案） | X2: GB300（Blackwell Ultra） | Y2: 16896（每GPU） | Z2: 528（每GPU） | AA2: - | AB2: - | AC2: HBM3e | AD2: 8192-bit | AE2: 8 TB/s | AF2: 288 GB HBM3e（每GPU） | AG2: ≈166 TFLOPS | AH2: ≈2,500 | ≈5,000 TFLOPS² | AI2: ≈83 TFLOPS | AJ2: ≈1,250 | ≈2,500 TFLOPS² | AK2: ≈1.4 TFLOPS | AL2: ≈1.4 TFLOPS | AM2: ≈187 | ≈375 TOPS² | AN2: FP4：≈15 | ≈20 PFLOPS² | AO2: NVLink 5: 1.8 TB/s（每GPU） NVLink-C2C: 900 GB/s（GPU↔Grace CPU） | AP2: 4NP 2080亿（GPU） | AQ2: GB300 超级芯片（1×Grace+2×B300）/ NVL72 整柜全液冷 | AR2: ≈1,400W（GPU）；整柜≈135kW
A3: B300 SXM | B3: Blackwell Ultra | C3: GB300（Blackwell Ultra） | D3: 数据中心 | E3: 16896 | F3: 528 | G3: 75 | H3: 150 | I3: 2250 | J3: 4500 | K3: 1125 | L3: 2250 | M3: 1.25 | N3: 1.25 | O3: 375 | P3: 18000 | Q3: FP4 | R3: 288 | S3: 8000 | T3: 1400 | U3: 2025年3月GTC发布的Blackwell Ultra架构GPU（GB100双芯粒，TSMC 4NP，2080亿晶体管）：288GB HBM3e显存、8TB/s带宽，FP4稠密算力较B200提升50%，attention吞吐约2倍。面向万亿参数大模型训练、长上下文推理与AI工厂（HGX B300 / DGX B300 / GB300 NVL72），需液冷 | X3: GB300（Blackwell Ultra） | Y3: 16896 | Z3: 528 | AA3: - | AB3: - | AC3: HBM3e | AD3: 8192-bit | AE3: 8 TB/s | AF3: 288 GB HBM3e | AG3: ≈150 TFLOPS | AH3: 2,250 | 4,500 TFLOPS² | AI3: 75 TFLOPS | AJ3: 1,125 | 2,250 TFLOPS² | AK3: ≈1.25 TFLOPS | AL3: ≈1.25 TFLOPS | AM3: ≈187 | ≈375 TOPS² | AN3: FP4：13.5 | 18 PFLOPS² | AO3: NVLink 5: 1.8 TB/s PCIe Gen6: 256 GB/s | AP3: 4NP 2080亿 | AQ3: SXM6 接口，适用于NVLink专用主板（需液冷） | AR3: 1400W
A4: B200 SXM | B4: Blackwell | C4: GB100（Blackwell，双芯粒） | D4: 数据中心 | E4: 16896 | F4: 528 | G4: 75 | H4: 150 | I4: 2250 | J4: 4500 | K4: 1125 | L4: 2250 | M4: 37 | N4: 37 | O4: 9000 | P4: 18000 | Q4: FP4 | R4: 192 | S4: 8000 | T4: 1000 | U4: 这是一款采用台积电4NP工艺的GPU，采用NVIDIA Blackwell架构，上市时间为2024年。具有2080亿个晶体管、16896个CUDA核心和192GB HBM3e显存，FP32算力75 TFLOPS，总功耗为1000W。 | X4: GB100（Blackwell，双芯粒） | Y4: 16896 | Z4: 528 | AA4: 1665 MHz | AB4: 1837 MHz | AC4: 2000 MHz | AD4: 2*4096bit | AE4: 8 TB/s | AF4: 2*96GB HBM3e=192GB | AG4: ≈150 TFLOPS | AH4: 2,250 | 4,500 TFLOPS² | AI4: 75 TFLOPS | AJ4: 1,125 | 2,250 TFLOPS² | AK4: 37 TFLOPS | AL4: 37 TFLOPS | AM4: 4,500 | 9,000 TOPS² | AN4: FP4：9 | 18 PFLOPS² | AO4: PCIe Gen6 :256 GB/s NVLink: 1800GB/s | AP4: 4NP 2080亿 | AQ4: SXM 接口，适合于NVLink专用主板 | AR4: 1000W
A5: RTX PRO 6000 Blackwell | B5: Blackwell | C5: GB202（Blackwell） | D5: 专业工作站 | E5: 24064 | F5: 752 | G5: 125 | H5: 125 | I5: 500 | J5: 1000 | K5: 250 | L5: 500 | M5: 1.95 | O5: 2000 | P5: 4000 | Q5: FP4 | R5: 96 | S5: 1792 | T5: 600 | U5: 2025年3月发布的Blackwell旗舰专业卡（工作站版）：96GB GDDR7 ECC超大显存，第5代Tensor Core支持FP4，支持MIG（4×24GB）。面向本地AI开发、大模型微调与推理、3D渲染、仿真、视频制作（另有Max-Q 300W版与被动散热服务器版） | X5: GB202（Blackwell） | Y5: 24064 | Z5: 752 | AA5: - | AB5: ≈2617 MHz | AC5: 28Gbps GDDR7 | AD5: 512-bit | AE5: 1,792 GB/s | AF5: 96 GB GDDR7 w/ ECC | AG5: 125 TFLOPS | AH5: 500 | 1,000 TFLOPS² | AI5: 125 TFLOPS | AJ5: 250 | 500 TFLOPS² | AK5: ≈1.95 TFLOPS | AL5: - | AM5: 1,000 | 2,000 TOPS² | AN5: FP4：2 | 4 PFLOPS² | AO5: PCIe 5.0 x16：128 GB/s（无NVLink） | AP5: 4NP 922亿 | AQ5: PCIe 5.0 x16 双槽位 主动散热（双流通式） | AR5: 600W
A6: RTX PRO 6000D Blackwell | B6: Blackwell | C6: GB202（Blackwell） | D6: 专业工作站 | E6: 19968 | F6: 624 | G6: 97 | H6: 97 | I6: 388 | J6: 776 | K6: 194 | L6: 388 | M6: 1.5 | O6: 1552 | P6: 3100 | Q6: FP4 | R6: 84 | S6: 1398 | T6: 600 | U6: RTX PRO 6000的中国合规版（2025年Q3，面向中国大陆及港澳）：CUDA核心削减约17%，84GB GDDR7，带宽降至1398 GB/s，无NVLink、无MIG。定位AI推理、中小模型微调、3D渲染、工业仿真（双槽被动散热服务器形态） | X6: GB202（Blackwell） | Y6: 19968 | Z6: 624 | AA6: - | AB6: ≈2430 MHz | AC6: ≈25Gbps GDDR7 | AD6: 448-bit | AE6: 1,398 GB/s | AF6: 84 GB GDDR7 w/ ECC | AG6: ≈97 TFLOPS | AH6: ≈388 | ≈776 TFLOPS² | AI6: ≈97 TFLOPS | AJ6: ≈194 | ≈388 TFLOPS² | AK6: ≈1.5 TFLOPS | AL6: - | AM6: ≈776 | ≈1,552 TOPS² | AN6: FP4：≈1.6 | ≈3.1 PFLOPS² | AO6: PCIe 5.0 x16：128 GB/s（无NVLink） | AP6: 4NP 922亿 | AQ6: PCIe 5.0 x16 双槽位 被动散热 | AR6: 600W
A7: RTX PRO 5000 Blackwell | B7: Blackwell | C7: GB202（Blackwell） | D7: 专业工作站 | E7: 14080 | F7: 440 | G7: 65 | H7: 65 | I7: 260 | J7: 520 | K7: 130 | L7: 260 | M7: 1 | O7: 1040 | P7: 2100 | Q7: FP4 | R7: 48 | S7: 1344 | T7: 300 | U7: 2025年发布的Blackwell高端专业卡：48GB（可选72GB）GDDR7 ECC，支持MIG（2实例）。面向AI开发、LLM推理、仿真、3D渲染与视频制作 | X7: GB202（Blackwell） | Y7: 14080 | Z7: 440 | AA7: - | AB7: ≈2310 MHz | AC7: 28Gbps GDDR7 | AD7: 384-bit | AE7: 1,344 GB/s | AF7: 48 GB（可选72 GB）GDDR7 w/ ECC | AG7: 65 TFLOPS | AH7: 260 | 520 TFLOPS² | AI7: 65 TFLOPS | AJ7: 130 | 260 TFLOPS² | AK7: ≈1.0 TFLOPS | AL7: - | AM7: 520 | 1,040 TOPS² | AN7: FP4：1 | 2.1 PFLOPS² | AO7: PCIe 5.0 x16：128 GB/s（无NVLink） | AP7: 4NP 922亿 | AQ7: PCIe 5.0 x16 双槽位 主动散热 | AR7: 300W
A8: RTX PRO 4500 Blackwell | B8: Blackwell | C8: GB203（Blackwell） | D8: 专业工作站 | E8: 10496 | F8: 328 | G8: 51 | H8: 51 | I8: 204 | J8: 408 | K8: 102 | L8: 204 | M8: 0.8 | O8: 816 | P8: 1600 | Q8: FP4 | R8: 32 | S8: 896 | T8: 200 | U8: Blackwell主流专业卡（2025年，工作站版）：32GB GDDR7 ECC。面向生成式AI、3D渲染、数据可视化与仿真（另有165W被动散热服务器版，带宽800 GB/s） | X8: GB203（Blackwell） | Y8: 10496 | Z8: 328 | AA8: - | AB8: ≈2430 MHz | AC8: 28Gbps GDDR7 | AD8: 256-bit | AE8: 896 GB/s | AF8: 32 GB GDDR7 w/ ECC | AG8: 51 TFLOPS | AH8: 204 | 408 TFLOPS² | AI8: 51 TFLOPS | AJ8: 102 | 204 TFLOPS² | AK8: ≈0.8 TFLOPS | AL8: - | AM8: 408 | 816 TOPS² | AN8: FP4：0.8 | 1.6 PFLOPS² | AO8: PCIe 5.0 x16：128 GB/s（无NVLink） | AP8: 4NP 456亿 | AQ8: PCIe 5.0 x16 双槽位 主动散热 | AR8: 200W
A9: RTX PRO 4000 Blackwell | B9: Blackwell | C9: GB203（Blackwell） | D9: 专业工作站 | E9: 8960 | F9: 280 | G9: 40 | H9: 40 | I9: 160 | J9: 320 | K9: 80 | L9: 160 | M9: 0.63 | O9: 640 | P9: 1290 | Q9: FP4 | R9: 24 | S9: 672 | T9: 145 | U9: Blackwell入门级专业卡（2025年）：单槽145W，24GB GDDR7 ECC。面向AI原型开发、CAD/CAM、3D渲染与边缘/高密度部署（另有70W SFF半高版，带宽432 GB/s） | X9: GB203（Blackwell） | Y9: 8960 | Z9: 280 | AA9: - | AB9: ≈2230 MHz | AC9: 28Gbps GDDR7 | AD9: 192-bit | AE9: 672 GB/s | AF9: 24 GB GDDR7 w/ ECC | AG9: 40 TFLOPS | AH9: 160 | 320 TFLOPS² | AI9: 40 TFLOPS | AJ9: 80 | 160 TFLOPS² | AK9: ≈0.63 TFLOPS | AL9: - | AM9: 320 | 640 TOPS² | AN9: FP4：0.64 | 1.29 PFLOPS² | AO9: PCIe 5.0 x16：128 GB/s（无NVLink） | AP9: 4NP 456亿 | AQ9: PCIe 5.0 x16 单槽位 主动散热 | AR9: 145W
A10: RTX 5090 | B10: Blackwell | C10: GB202（Blackwell） | D10: 消费级 | E10: 21760 | F10: 680 | G10: 104.8 | H10: 104.8 | I10: 419 | J10: 838 | K10: 209 | L10: 419 | M10: 1.64 | O10: 1676 | P10: 3350 | Q10: FP4 | R10: 32 | S10: 1792 | T10: 575 | U10: 深度学习、RTX (实时光线追踪) | X10: GB202（Blackwell） | Y10: 21760 | Z10: 680 | AA10: 2017 MHz | AB10: 2407 MHz | AC10: 28Gbps GDDR7 | AD10: 512-bit | AE10: 1,792 GB/s | AF10: 32GB GDDR7 | AG10: 104.8 TFLOPS | AH10: 419 | 838 TFLOPS² | AI10: 104.8 TFLOPS | AJ10: 209 | 419 TFLOPS² | AK10: 1.64 TFLOPS | AL10: - | AM10: 838 | 1,676 TOPS² | AN10: FP4：1.68 | 3.35 PFLOPS² | AO10: PCIe 5.0 x16：128 GB/s（无NVLink） | AP10: 4NP 922亿 | AQ10: PCIe 5.0 x16 双槽 主动散热（FE双流通式） | AR10: 575W
A11: RTX 5090D | B11: Blackwell | C11: GB202（Blackwell） | D11: 消费级 | E11: 21760 | F11: 680 | G11: 104.8 | H11: 104.8 | I11: 297 | J11: 595 | K11: 148 | L11: 297 | M11: 1.64 | O11: 1190 | P11: 2380 | Q11: FP4 | R11: 32 | S11: 1792 | T11: 575 | U11: 深度学习、RTX (实时光线追踪) | X11: GB202（Blackwell） | Y11: 21760 | Z11: 680 | AA11: 2017 MHz | AB11: 2407 MHz | AC11: 28Gbps GDDR7 | AD11: 512-bit | AE11: 1,792 GB/s | AF11: 32GB GDDR7 | AG11: 104.8 TFLOPS | AH11: ≈297 | ≈595 TFLOPS² | AI11: 104.8 TFLOPS | AJ11: ≈148 | ≈297 TFLOPS² | AK11: 1.64 TFLOPS | AL11: - | AM11: ≈595 | ≈1,190 TOPS² | AN11: FP4：≈1.19 | ≈2.38 PFLOPS² | AO11: PCIe 5.0 x16：128 GB/s（无NVLink） | AP11: 4NP 922亿 | AQ11: PCIe 5.0 x16 双槽 主动散热（FE双流通式） | AR11: 575W
A12: RTX 5080 | B12: Blackwell | C12: GB203（Blackwell） | D12: 消费级 | E12: 10752 | F12: 336 | G12: 56.3 | H12: 56.3 | I12: 225.4 | J12: 450.7 | K12: 112.7 | L12: 225.4 | M12: 0.88 | O12: 901.4 | P12: 1800 | Q12: FP4 | R12: 16 | S12: 960 | T12: 360 | U12: 消费级（高端游戏 / 本地 AI 推理） | X12: GB203（Blackwell） | Y12: 10752 | Z12: 336 | AA12: 2.30 GHz | AB12: 2.62 GHz | AC12: 30 Gbps GDDR7 | AD12: 256-bit | AE12: 960 GB/s | AF12: 16GB GDDR7 | AG12: 56.3 TFLOPS | AH12: 225.4 | 450.7 TFLOPS² | AI12: 56.3 TFLOPS | AJ12: 112.7 | 225.4 TFLOPS² | AK12: 0.88 TFLOPS | AL12: - | AM12: 450.7 | 901.4 TOPS² | AN12: FP4：0.9 | 1.8 PFLOPS² | AO12: PCIe Gen5 x16 | AP12: 4NP 456亿（GB203） | AQ12: PCIe 双槽（公版 FE） | AR12: 360W
A13: RTX 5070 Ti | B13: Blackwell | C13: GB203（Blackwell） | D13: 消费级 | E13: 8960 | F13: 280 | G13: 43.9 | H13: 43.9 | I13: 175.6 | J13: 351.3 | K13: 87.8 | L13: 175.6 | M13: 0.69 | O13: 702.6 | P13: 1400 | Q13: FP4 | R13: 16 | S13: 896 | T13: 300 | U13: 消费级（高端游戏 / 本地 AI 推理） | X13: GB203（Blackwell） | Y13: 8960 | Z13: 280 | AA13: 2.30 GHz | AB13: 2.45 GHz | AC13: 28 Gbps GDDR7 | AD13: 256-bit | AE13: 896 GB/s | AF13: 16GB GDDR7 | AG13: 43.9 TFLOPS | AH13: 175.6 | 351.3 TFLOPS² | AI13: 43.9 TFLOPS | AJ13: 87.8 | 175.6 TFLOPS² | AK13: 0.69 TFLOPS | AL13: - | AM13: 351.3 | 702.6 TOPS² | AN13: FP4：0.7 | 1.4 PFLOPS² | AO13: PCIe Gen5 x16 | AP13: 4NP 456亿（GB203） | AQ13: PCIe 双槽（AIC 非公版） | AR13: 300W
A14: H200 SXM | B14: Hopper | C14: GH100（Hopper） | D14: 数据中心 | E14: 16896 | F14: 528 | G14: 67 | H14: 267.6 | I14: 989 | J14: 1979 | K14: 494 | L14: 989 | M14: 34 | N14: 67 | O14: 3958 | P14: 3958 | Q14: FP8 | R14: 141 | S14: 4800 | T14: 700 | U14: 这是一款采用了台积电 4nm工艺的GPU，采用Nvidia Hopper架构，上市时间为2023年11月。具有 800亿个晶体管、16896 个 CUDA 核心和 141GB HBM3e 显存，具备 50MB 二级缓存，理论算力67TFLOPS，总功耗为700W。 | X14: GH100（Hopper） | Y14: 16896 | Z14: 528 | AA14: 1590 MHz | AB14: 1980 MHz | AC14: 1313 MHz | AD14: 6144-bit | AE14: 4800GB/s | AF14: 141GB HBM3e | AG14: 267.6 TFLOPS | AH14: 989 | 1,979 TFLOPS² | AI14: 67 TFLOPS | AJ14: 494 | 989 TFLOPS² | AK14: 34 TFLOPS | AL14: 67 TFLOPS | AM14: 1,979 | 3,958 TOPS² | AN14: FP8：1,979 | 3,958 TFLOPS² | AO14: PCIe Gen5:128 GB/s NVLink: 900GB/s | AP14: 4 nm 800亿 | AQ14: SXM 接口，适合于NVLink专用主板 | AR14: 700W
A15: H200 PCIe（NVL） | B15: Hopper | C15: GH100（Hopper） | D15: 数据中心 | E15: 16896 | F15: 528 | G15: 60 | H15: 240 | I15: 835 | J15: 1671 | K15: 418 | L15: 835 | M15: 30 | N15: 60 | O15: 3341 | P15: 3341 | Q15: FP8 | R15: 141 | S15: 4800 | T15: 600 | U15: H200 的 PCIe 形态（官方型号 H200 NVL，2024年11月上市）：141GB HBM3e 与 4.8TB/s 带宽同 SXM 版一致，算力较 SXM 低约 15%（FP16 稠密 835 TFLOPS），600W 可配置、双槽风冷，支持 2/4 卡 NVLink 桥（900GB/s）。面向标准 PCIe 服务器的 AI 推理与训练部署 | X15: GH100（Hopper） | Y15: 16896 | Z15: 528 | AA15: - | AB15: - | AC15: HBM3e | AD15: 6144-bit | AE15: 4.8 TB/s | AF15: 141 GB HBM3e | AG15: 240 TFLOPS | AH15: 835 | 1,671 TFLOPS² | AI15: 60 TFLOPS | AJ15: 418 | 835 TFLOPS² | AK15: 30 TFLOPS | AL15: 60 TFLOPS | AM15: 1,671 | 3,341 TOPS² | AN15: FP8：1,671 | 3,341 TFLOPS² | AO15: PCIe Gen5 x16: 128 GB/s NVLink 桥（2/4卡）: 900 GB/s | AP15: 4nm 800亿 | AQ15: PCIe 5.0 x16 双槽 被动散热（风冷） | AR15: 600W（可配置）
A16: H100 SXM | B16: Hopper | C16: GH100（Hopper） | D16: 数据中心 | E16: 16896 | F16: 528 | G16: 67 | H16: 267.6 | I16: 989 | J16: 1979 | K16: 494 | L16: 989 | M16: 34 | N16: 67 | O16: 3958 | P16: 3958 | Q16: FP8 | R16: 80 | S16: 3350 | T16: 700 | U16: H100 是全球范围内最大的性能出众的加速器，拥有革命性的 Transformer 引擎和高度可扩展的 NVIDIA NVLink® 互连技术等突破性功能，可推动庞大的 AI 语言模型、深度推荐系统、基因组学和复杂数字孪生的发展 | X16: GH100（Hopper） | Y16: 16896 | Z16: 528 | AA16: 1590 MHz | AB16: 1980 MHz | AC16: 2.6 GHz HBM3 | AD16: 5120 bit | AE16: 3.35TB/s | AF16: 80GB | AG16: 267.6 TFLOPS | AH16: 989 | 1,979 TFLOPS² | AI16: 67 TFLOPS | AJ16: 494 | 989 TFLOPS² | AK16: 34 TFLOPS | AL16: 67 TFLOPS | AM16: 1,979 | 3,958 TOPS² | AN16: FP8：1,979 | 3,958 TFLOPS² | AO16: NVLink ：900GB/s | AP16: 4 nm 80,000 million | AQ16: SXM 接口，适合于NVLink专用主板 | AR16: 700W
A17: H800 SXM | B17: Hopper | C17: GH100（Hopper） | D17: 数据中心 | E17: 16896 | F17: 528 | G17: 67 | H17: 267.6 | I17: 989 | J17: 1979 | K17: 494 | L17: 989 | M17: 34 | N17: 67 | O17: 3958 | P17: 3958 | Q17: FP8 | R17: 80 | S17: 3350 | T17: 700 | U17: 基于 GH800 图形处理器,SXM5接口，有助于提高机器学习应用程序的速度，第四代tensor core， 支持FPB 和transformer 引擎 | X17: GH100（Hopper） | Y17: 16896 | Z17: 528 | AA17: 1590 MHz | AB17: 1980 MHz | AC17: 2.6 GHz HBM3 | AD17: 5120 bit | AE17: 3.35TB/s | AF17: 80 GB | AG17: 267.6 TFLOPS | AH17: 989 | 1,979 TFLOPS² | AI17: 67 TFLOPS | AJ17: 494 | 989 TFLOPS² | AK17: 34 TFLOPS | AL17: 67 TFLOPS | AM17: 1,979 | 3,958 TOPS² | AN17: FP8：1,979 | 3,958 TFLOPS² | AO17: NVLink™: 400GB/s PCIe 5.0: 128GB/s | AP17: 4 nm 80,000 million | AQ17: SXM 接口，适合于NVLink专用主板 | AR17: 700W
A18: H100 PCIe | B18: Hopper | C18: GH100（Hopper） | D18: 数据中心 | E18: 14592 | F18: 456 | G18: 51 | H18: 204 | I18: 756 | J18: 1513 | K18: 378 | L18: 756 | M18: 26 | N18: 51 | O18: 3026 | P18: 3026 | Q18: FP8 | R18: 80 | S18: 2000 | T18: 350 | U18: H100 是全球范围内最大的性能出众的加速器，拥有革命性的 Transformer 引擎和高度可扩展的 NVIDIA NVLink® 互连技术等突破性功能，可推动庞大的 AI 语言模型、深度推荐系统、基因组学和复杂数字孪生的发展 | X18: GH100（Hopper） | Y18: 14592 | Z18: 456 | AA18: 1095 MHz | AB18: 1755 MHz | AC18: 3.2 GHz HBM2e | AD18: 5120 bit | AE18: 2TB/s | AF18: 80GB | AG18: 204.9 TFLOPS | AH18: 756 | 1,513 TFLOPS² | AI18: 51 TFLOPS | AJ18: 378 | 756 TFLOPS² | AK18: 26 TFLOPS | AL18: 51 TFLOPS | AM18: 1,513 | 3,026 TOPS² | AN18: FP8：1,513 | 3,026 TFLOPS² | AO18: NVLink ： 600GB/s PCIe 5.0 ：128GB/ | AP18: 4 nm 80,000 million | AQ18: PCIe5.0 双槽位 被动散热 | AR18: 350W
A19: H800 PCIe | B19: Hopper | C19: GH100（Hopper） | D19: 数据中心 | E19: 14592 | F19: 456 | G19: 51 | H19: 204 | I19: 756 | J19: 1513 | K19: 378 | L19: 756 | M19: 26 | N19: 51 | O19: 3026 | P19: 3026 | Q19: FP8 | R19: 80 | S19: 2000 | T19: 350 | U19: 基于 GH800 图形处理器,SXM5接口，有助于提高机器学习应用程序的速度，第四代tensor core， 支持FPB 和transformer 引擎 | X19: GH100（Hopper） | Y19: 14592 | Z19: 456 | AA19: 1095 MHz | AB19: 1755 MHz | AC19: 3.2 GHz HBM2e | AD19: 5120 bit | AE19: 2TB/s | AF19: 80 GB | AG19: 204.9 TFLOPS | AH19: 756 | 1,513 TFLOPS² | AI19: 51 TFLOPS | AJ19: 378 | 756 TFLOPS² | AK19: 26 TFLOPS | AL19: 51 TFLOPS | AM19: 1,513 | 3,026 TOPS² | AN19: FP8：1,513 | 3,026 TFLOPS² | AO19: NVLink™: 400GB/s PCIe 5.0: 128GB/s | AP19: 4 nm 80,000 million | AQ19: PCIe5.0 x16 双插槽风冷式 | AR19: 300-350W
A20: H20 SXM 96GB | B20: Hopper | C20: GH100（Hopper） | D20: 数据中心 | E20: 9984 | F20: 312 | G20: 44 | H20: 176 | I20: 148 | J20: 296 | K20: 74 | L20: 148 | M20: 1 | N20: 1 | O20: 592 | P20: 592 | Q20: FP8 | R20: 96 | S20: 4000 | T20: 400 | U20: 2023年11月发布的中国特供AI加速卡（HGX 8卡形态）：Hopper架构GH100，96GB HBM3、4TB/s带宽、NVLink 900GB/s保留，算力大幅削减（FP16 Tensor 148 TFLOPS）。面向垂类模型训练与大模型推理 | X20: GH100（Hopper） | Y20: 9984 | Z20: 312 | AA20: - | AB20: - | AC20: HBM3 | AD20: 6144-bit | AE20: 4 TB/s | AF20: 96 GB HBM3 | AG20: 176 TFLOPS | AH20: 148 | 296 TFLOPS² | AI20: 44 TFLOPS | AJ20: 74 | 148 TFLOPS² | AK20: 1 TFLOPS | AL20: 1 TFLOPS | AM20: 296 | 592 TOPS² | AN20: FP8：296 | 592 TFLOPS² | AO20: PCIe Gen5 x16:128 GB/s NVLink: 900GB/s | AP20: 4nm 800亿 | AQ20: SXM 接口，适合于NVLink专用主板 | AR20: 400W
A21: L40S | B21: Ada Lovelace | C21: AD102（Ada Lovelace） | D21: 数据中心 | E21: 18176 | F21: 568 | G21: 91.61 | H21: 91.6 | I21: 362.05 | J21: 733 | K21: 183 | L21: 366 | M21: 1.4 | O21: 1466 | P21: 1466 | Q21: FP8 | R21: 48 | S21: 864 | T21: 350 | U21: 基于 AD102 图形处理器,PCI-E4.0接口，18176 个着色单元,有助于提高机器学习应用程序的速度，第四代tensor core， 支持FPB 和transformer 引擎，第三代 RT Core | X21: AD102（Ada Lovelace） | Y21: 18176 | Z21: 568 | AA21: 1110 MHz | AB21: 2520 MHz | AC21: 18 GHz GDDR6 | AD21: 384 bit | AE21: 864GB/ s | AF21: 48 GB | AG21: 91.6 TFLOPS | AH21: 362 | 733 TFLOPS² | AI21: 91.61 TFLOPS | AJ21: 183 | 366 TFLOPS² | AK21: 1.4 TFLOPS | AL21: - | AM21: 733 | 1,466 TOPS² | AN21: FP8：733 | 1,466 TFLOPS² | AO21: PCIe 4.0 x16：双向 64 GB/s | AP21: 4N 76,300 million | AQ21: PCIe 4.0 x16 双槽位 被动散热 | AR21: 350W
A22: L40 | B22: Ada Lovelace | C22: AD102（Ada Lovelace） | D22: 数据中心 | E22: 18176 | F22: 568 | G22: 90.52 | H22: 90.5 | I22: 181 | J22: 362 | K22: 90.5 | L22: 181 | M22: 1.4 | O22: 724 | P22: 724 | Q22: FP8 | R22: 48 | S22: 864 | T22: 300 | U22: 基于 AD102 图形处理器,PCI-E4.0接口，18176 个着色单元,有助于提高机器学习应用程序的速度，第三代 RT Core | X22: AD102（Ada Lovelace） | Y22: 18176 | Z22: 568 | AA22: 735 MHz | AB22: 2490 MHz | AC22: 18 GHz GDDR6 | AD22: 384 bit | AE22: 864.0 GB/s | AF22: 48GB | AG22: 90.5 TFLOPS | AH22: 181 | 362 TFLOPS² | AI22: 90.52 TFLOPS | AJ22: 90.5 | 181 TFLOPS² | AK22: 1.4 TFLOPS | AL22: - | AM22: 362 | 724 TOPS² | AN22: FP8：362 | 724 TFLOPS² | AO22: PCIe 4.0 x16：双向 64 GB/s | AP22: 4N 76,300 million | AQ22: PCIe 4.0 x16 双槽位 被动散热 | AR22: 300W
A23: L20 PCIe | B23: Ada Lovelace | C23: AD102（Ada Lovelace） | D23: 数据中心 | E23: 11776 | F23: 368 | G23: 59.8 | H23: 59.8 | I23: 119.5 | J23: 239 | K23: 59.8 | L23: 119.5 | M23: 0.93 | O23: 478 | P23: 478 | Q23: FP8 | R23: 48 | S23: 864 | T23: 275 | U23: 这是一款采用了台积电4N工艺的GPU，采用Nvidia Ada Lovelace架构，上市时间为2023年11月。具有 763亿个晶体管、11776 个 CUDA 核心和 48GB GDDR6 显存，具备 96MB 二级缓存，理论算力59.35TFLOPS，总功耗为275W。 | X23: AD102（Ada Lovelace） | Y23: 11776 | Z23: 368 | AA23: 1440 MHz | AB23: 2520 MHz | AC23: 2250 MHz | AD23: 384bit | AE23: 864 GB/s | AF23: 48 GB GDDR6 W/ ECC | AG23: 59.8 TFLOPS | AH23: 119.5 | 239 TFLOPS² | AI23: 59.8 TFLOPS | AJ23: 59.8 | 119.5 TFLOPS² | AK23: 0.93 TFLOPS | AL23: - | AM23: 239 | 478 TOPS² | AN23: FP8：239 | 478 TFLOPS² | AO23: PCIe Gen4 x16：64 GB/s | AP23: 4N 763亿 | AQ23: PCIe4.0 x16 双插槽风冷式 | AR23: 275W
A24: L2 PCIe | B24: Ada Lovelace | C24: AD106（Ada Lovelace） | D24: 数据中心 | E24: 4608 | F24: 144 | G24: 24.1 | H24: 24.1 | I24: 48.3 | J24: 96.5 | K24: 24.1 | L24: 48.3 | M24: 0.38 | O24: 193 | P24: 193 | Q24: FP8 | R24: 24 | S24: 300 | T24: 70 | X24: AD106（Ada Lovelace） | AE24: 300 GB/s | AF24: 24 GB GDDR6 W/ ECC | AG24: 24.1 TFLOPS | AH24: 48.3 | 96.5 TFLOPS² | AI24: 24.1 TFLOPS | AJ24: 24.1 | 48.3 TFLOPS* | AK24: ≈0.38 TFLOPS | AM24: 96.5 | 193 TOPS² | AN24: FP8：96.5 | 193 TFLOPS² | AO24: PCIe Gen4 x16：64 GB/s | AP24: 4N 358亿（AD104） | AQ24: PCIe 4.0 x16 单槽半高（LP）被动散热 | AR24: ≈70W
A25: RTX4090 | B25: Ada Lovelace | C25: AD102（Ada Lovelace） | D25: 消费级 | E25: 16384 | F25: 512 | G25: 82.6 | H25: 82.6 | I25: 330.3 | J25: 660.6 | K25: 165.2 | L25: 330.3 | M25: 1.29 | O25: 1321 | P25: 1321 | Q25: FP8 | R25: 24 | S25: 1008 | T25: 450 | U25: 深度学习 | V25: RTX (实时光线追踪) | W25: VR | X25: AD102（Ada Lovelace） | Y25: 16384 | Z25: 512 | AA25: 2235 MHz | AB25: 2520 MHz | AC25: 21Gbps GDDR6X | AD25: 384-bit | AE25: 1008 GB/sec | AF25: 24GB | AG25: 82.6 TFLOPS | AH25: 330.3 | 660.6 TFLOPS² | AI25: 82.6 TFLOPS | AJ25: 165.2 | 330.3 TFLOPS² | AK25: 1.29 TFLOPS | AL25: - | AM25: 660.6 | 1,321 TOPS² | AN25: FP8：660.6 | 1,321 TFLOPS² | AO25: 300 GB/s | AP25: TSMC 4N 76.3B | AQ25: PCIe4.0 三槽位 正反双风扇 主动散热 | AR25: 450W
A26: A800 SXM 80GB | B26: Ampere | C26: GA100 (Ampere) | D26: 数据中心 | E26: 6912 | F26: 432 | G26: 19.5 | H26: 78 | I26: 312 | J26: 624 | K26: 156 | L26: 312 | M26: 9.7 | N26: 19.5 | O26: 1248 | P26: 2496 | Q26: INT4 | R26: 80 | S26: 2039 | T26: 400 | U26: 新引入FP64, TF32, BF16 Tensor Core, 支持MIG, 深度学习/HPC大规模算例并行加速计算 | X26: GA100 (Ampere) | Y26: 6912 | Z26: 432 | AA26: 1155 MHz | AB26: 1410 MHz | AC26: 3.2GHz HBM2 | AD26: 5120-bit | AE26: 2,039 GB/s | AF26: 80 GB | AG26: 78 TFLOPS | AH26: 312 | 624 TFLOPS² | AI26: 19.49 TFLOPS | AJ26: 156 | 312 TFLOPS² | AK26: 9.7 TFLOPS | AL26: 19.5 TFLOPS | AM26: 624 | 1,248 TOPS² | AN26: 1,248 | 2,496 TOPS² | AO26: 400GB/sec (NVLink 3.0 2-way) | AP26: 7nm N7, 54.2B | AQ26: SXM 接口，适合于NVLink专用主板 | AR26: 400W
A27: A800 PCIe 80GB | B27: Ampere | C27: GA100 (Ampere) | D27: 数据中心 | E27: 6912 | F27: 432 | G27: 19.5 | H27: 78 | I27: 312 | J27: 624 | K27: 156 | L27: 312 | M27: 9.7 | N27: 19.5 | O27: 1248 | P27: 2496 | Q27: INT4 | R27: 80 | S27: 1935 | T27: 250 | U27: 新引入FP64, TF32, BF16 Tensor Core, 支持MIG, 深度学习/HPC大规模算例并行加速计算 | X27: GA100 (Ampere) | Y27: 6912 | Z27: 432 | AA27: 1065MHZ | AB27: 1410MHz | AC27: 3.0GHz HBM2 | AD27: 5120-bit | AE27: 1,935 GB/s | AF27: 80GB | AG27: 78 TFLOPS | AH27: 312 | 624 TFLOPS² | AI27: 19.49 TFLOPS | AJ27: 156 | 312 TFLOPS² | AK27: 9.7 TFLOPS | AL27: 19.5 TFLOPS | AM27: 624 | 1,248 TOPS² | AN27: 1,248 | 2,496 TOPS² | AO27: 400GB/sec (NVLink 3.0 2-way) | AP27: 7nm N7, 54.2B | AQ27: PCIe4.0 双槽位 被动散热 | AR27: 250W
A28: A100 SXM4 40GB | B28: Ampere | C28: GA100 (Ampere) | D28: 数据中心 | E28: 6912 | F28: 432 | G28: 19.5 | H28: 78 | I28: 312 | J28: 624 | K28: 156 | L28: 312 | M28: 9.7 | N28: 19.5 | O28: 1248 | P28: 2496 | Q28: INT4 | R28: 40 | S28: 1555 | T28: 400 | U28: 新引入FP64, TF32, BF16 Tensor Core, 支持MIG, 深度学习/HPC大规模算例并行加速计算 | X28: GA100 (Ampere) | Y28: 6912 | Z28: 432 | AA28: 1370MHz | AB28: 1410MHz | AC28: 2.4GHz HBM2 | AD28: 5120-bit | AE28: 1,555GB/sec | AF28: 40GB | AG28: 78 TFLOPS | AH28: 312 | 624 TFLOPS² | AI28: 19.5 TFLOPS | AJ28: 156 | 312 TFLOPS² | AK28: 9.7 TFLOPS | AL28: 19.5 TFLOPS | AM28: 624 | 1,248 TOPS² | AN28: 1,248 | 2,496 TOPS² | AO28: 600GB/sec (NVLink 3.0 2-way) | AP28: 7nm N7, 54.2B | AQ28: SXM 接口，适合于NVLink专用主板 | AR28: 400W
A29: A100 PCIe 40GB | B29: Ampere | C29: GA100 (Ampere) | D29: 数据中心 | E29: 6912 | F29: 432 | G29: 19.5 | H29: 78 | I29: 312 | J29: 624 | K29: 156 | L29: 312 | M29: 9.7 | N29: 19.5 | O29: 1248 | P29: 2496 | Q29: INT4 | R29: 40 | S29: 1555 | T29: 250 | U29: 新引入FP64, TF32, BF16 Tensor Core, 支持MIG, 深度学习/HPC大规模算例并行加速计算 | X29: GA100 (Ampere) | Y29: 6912 | Z29: 432 | AA29: 1370MHz | AB29: 1410MHz | AC29: 2.4GHz HBM2 | AD29: 5120-bit | AE29: 1,555GB/sec | AF29: 40GB | AG29: 78 TFLOPS | AH29: 312 | 624 TFLOPS² | AI29: 19.5 TFLOPS | AJ29: 156 | 312 TFLOPS² | AK29: 9.7 TFLOPS | AL29: 19.5 TFLOPS | AM29: 624 | 1,248 TOPS² | AN29: 1,248 | 2,496 TOPS² | AO29: 600GB/sec (NVLink 3.0 2-way) | AP29: 7nm N7, 54.2B | AQ29: PCIe4.0 双槽位 被动散热 | AR29: 250W
A30: A40 | B30: Ampere | C30: GA102 (Ampere) | D30: 数据中心 | E30: 10752 | F30: 336 | G30: 37.4 | H30: 37.4 | I30: 149.7 | J30: 299.3 | K30: 74.8 | L30: 149.7 | M30: 0.58 | O30: 598.6 | P30: 1197 | Q30: INT4 | R30: 48 | S30: 696 | T30: 300 | U30: A40 依托于 NVIDIA Ampere 架构而构建，将新一代 RT Core、Tensor Core、CUDA® Core 与 48GB 显存融于一身，可提供远超以往的图形处理、渲染、计算和 AI 性能。 | X30: GA102 (Ampere) | Y30: 10752 | Z30: 336 | AA30: 1300MHz | AB30: 1740MHz | AC30: 14.5GHz GDDR6 | AD30: 384-bit | AE30: 696 GB/sec | AF30: 48GB | AG30: 37.4 TFLOPS | AH30: 149.7 | 299.3 TFLOPS² | AI30: 37.4 TFLOPS | AJ30: 74.8 | 149.7 TFLOPS² | AK30: 0.58 TFLOPS | AL30: - | AM30: 299.3 | 598.6 TOPS² | AN30: 598.6 | 1,197 TOPS² | AO30: 112GB/sec (NVLink 3.0 2-way) | AP30: Samsung 8N 28.3B | AQ30: PCIe4.0 双槽位 被动散热 | AR30: 300W (系统供电: 700W)
A31: A30 | B31: Ampere | C31: GA100（Ampere） | D31: 数据中心 | E31: 3584 | F31: 224 | G31: 10.3 | H31: 41.2 | I31: 165 | J31: 330 | K31: 82.5 | L31: 165 | M31: 5.2 | N31: 10.3 | O31: 661 | P31: 1321 | Q31: INT4 | R31: 24 | S31: 933 | T31: 165 | U31: 新引入FP64, TF32, BF16 Tensor Core, 支持MIG, 深度学习/HPC大规模算例并行加速计算 | X31: GA100（Ampere） | Y31: 3584 | Z31: 224 | AA31: 930MHz | AB31: 1440MHz | AC31: 2.4GHz HBM2 | AD31: 3072-bit | AE31: 933GB/sec | AF31: 24GB | AG31: 41.2 TFLOPS | AH31: 165 | 330 TFLOPS² | AI31: 10.3 TFLOPS | AJ31: 82.5 | 165 TFLOPS² | AK31: 5.2 TFLOPS | AL31: 10.3 TFLOPS | AM31: 330 | 661 TOPS² | AN31: 661 | 1,321 TOPS² | AO31: 200GB/sec (NVLink 3.0 2-way) | AP31: 7nm N7, 54.2B | AQ31: PCIe4.0 双槽位 被动散热 | AR31: 165W
A32: A10 | B32: Ampere | C32: GA102（Ampere） | D32: 数据中心 | E32: 9216 | F32: 288 | G32: 31.2 | H32: 31.2 | I32: 125 | J32: 250 | K32: 62.5 | L32: 125 | M32: 0.97 | O32: 500 | P32: 1000 | Q32: INT4 | R32: 24 | S32: 600 | T32: 150 | U32: 外形小巧，低功耗，实时推理计算，适合大规模部署 | V32: 大批量视频编解码 | X32: GA102（Ampere） | Y32: 9216 | Z32: 288 | AA32: 885MHz | AB32: 1695MHz | AC32: GDDR6 | AE32: 600GB/sec | AF32: 24GB | AG32: 31.2 TFLOPS | AH32: 125 | 250 TFLOPS² | AI32: 31.2 TFLOPS | AJ32: 62.5 | 125 TFLOPS² | AK32: 0.97 TFLOPS | AL32: - | AM32: 250 | 500 TOPS² | AN32: 500 | 1,000 TOPS² | AO32: 64GB/sec | AQ32: PCIe4.0 单槽位 被动散热 | AR32: 150W
A33: RTX A6000 | B33: Ampere | C33: GA102 (Ampere) | D33: 专业工作站 | E33: 10752 | F33: 336 | G33: 38.7 | H33: 38.7 | I33: 154.8 | J33: 309.7 | K33: 77.4 | L33: 154.8 | M33: 0.61 | O33: 619.4 | P33: 1238.7 | Q33: INT4 | R33: 48 | S33: 768 | T33: 300 | U33: 3D渲染，图形设计，视频编辑，CAD/CAM, VR | W33: 深度学习 | X33: GA102 (Ampere) | Y33: 10752 | Z33: 336 | AA33: 1450MHz | AB33: 1800MHz | AC33: 16Gbps GDDR6 | AD33: 384-bit | AE33: 768 GB/sec | AF33: 48 GB | AG33: 38.7 TFLOPS | AH33: 154.8 | 309.7 TFLOPS² | AI33: 38.7 TFLOPS | AJ33: 77.4 | 154.8 TFLOPS² | AK33: 0.61 TFLOPS | AL33: - | AM33: 309.7 | 619.4 TOPS² | AN33: 619.4 | 1,238.7 TOPS² | AO33: 112GB/sec (NVLink 3.0 2-way) | AP33: Samsung 8N 28.3B | AQ33: PCIe4.0 双槽位 单涡轮风扇 主动散热 | AR33: 300W (系统供电: 700W)
A34: RTX 3090 | B34: Ampere | C34: GA102 (Ampere) | D34: 消费级 | E34: 10496 | F34: 328 | G34: 35.6 | H34: 35.6 | I34: 142.4 | J34: 284.7 | K34: 71.2 | L34: 142.4 | M34: 0.56 | O34: 569.4 | P34: 1138.9 | Q34: INT4 | R34: 24 | S34: 935 | T34: 350 | U34: 深度学习 | V34: RTX (实时光线追踪) | W34: VR | X34: GA102 (Ampere) | Y34: 10496 | Z34: 328 | AA34: 1395 MHz | AB34: 1695 MHz | AC34: 19Gbps GDDR6X | AD34: 384-bit | AE34: 935 GB/sec | AF34: 24GB | AG34: 35.6 TFLOPS | AH34: 142.4 | 284.7 TFLOPS² | AI34: 35.6 TFLOPS | AJ34: 71.2 | 142.4 TFLOPS² | AK34: 0.56 TFLOPS | AL34: - | AM34: 284.7 | 569.4 TOPS² | AN34: 569.4 | 1,138.9 TOPS² | AO34: 112GB/sec (NVLink 3.0 2-way, SLI only) | AP34: Samsung 8N 28.3B | AQ34: PCIe4.0 三槽位 正反双风扇 主动散热 | AR34: 350W (系统供电: 750W)
A35: RTX 3080 | B35: Ampere | C35: GA102 (Ampere) | D35: 消费级 | E35: 8704 | F35: 272 | G35: 29.8 | H35: 29.8 | I35: 119.1 | J35: 238.2 | K35: 59.5 | L35: 119.1 | M35: 0.47 | O35: 476.4 | P35: 952.8 | Q35: INT4 | R35: 10 | S35: 760 | T35: 320 | U35: 深度学习 | V35: RTX (实时光线追踪) | W35: VR | X35: GA102 (Ampere) | Y35: 8704 | Z35: 272 | AA35: 1440 MHz | AB35: 1710 MHz | AC35: 19Gbps GDDR6X | AD35: 320-bit | AE35: 760 GB/sec | AF35: 10GB | AG35: 29.8 TFLOPS | AH35: 119.1 | 238.2 TFLOPS² | AI35: 29.8 TFLOPS | AJ35: 59.5 | 119.1 TFLOPS² | AK35: 0.47 TFLOPS | AL35: - | AM35: 238.2 | 476.4 TOPS² | AN35: 476.4 | 952.8 TOPS² | AO35: PCIe 4.0 64GB/sec | AP35: Samsung 8N 28.3B | AQ35: PCIe4.0 双槽位 正反双风扇 主动散热 | AR35: 320W (系统供电: 750W)
A36: RTX 3070 | B36: Ampere | C36: GA104 (Ampere) | D36: 消费级 | E36: 5888 | F36: 184 | G36: 20.3 | H36: 20.3 | I36: 81.3 | J36: 162.6 | K36: 40.6 | L36: 81.3 | M36: 0.32 | O36: 325.2 | P36: 650.4 | Q36: INT4 | R36: 8 | S36: 448 | T36: 220 | U36: 深度学习 | V36: RTX (实时光线追踪) | W36: VR | X36: GA104 (Ampere) | Y36: 5888 | Z36: 184 | AA36: 1500 MHz | AB36: 1725 MHz | AC36: 14Gbps GDDR6 | AD36: 256-bit | AE36: 448 GB/s | AF36: 8GB | AG36: 20.3 TFLOPS | AH36: 81.3 | 162.6 TFLOPS² | AI36: 20.3 TFLOPS | AJ36: 40.6 | 81.3 TFLOPS² | AK36: 0.32 TFLOPS | AL36: - | AM36: 162.6 | 325.2 TOPS² | AN36: 325.2 | 650.4 TOPS² | AO36: PCIe 4.0 64GB/sec | AP36: Samsung 8N 17.4B | AQ36: PCIe4.0 双槽位 双风扇 主动散热 | AR36: 220W (系统供电: 650W)
A37: T4 | B37: Turing | C37: TU104 (Turing) | D37: 数据中心 | E37: 2560 | F37: 320 | G37: 8.1 | H37: 16.2 | I37: 65 | M37: 0.25 | O37: 130 | P37: 260 | Q37: INT4 | R37: 16 | S37: 320 | T37: 75 | U37: 小型，低功耗，实时推理计算，大规模部署 | V37: 大批量视频编解码 | X37: TU104 (Turing) | Y37: 2560 | Z37: 320 | AA37: 660 MHz | AB37: 1590 MHz | AC37: 10Gbps GDDR6 | AD37: 256-bit | AE37: 320GB/sec | AF37: 16GB | AG37: 16.2 TFLOPS | AH37: 65 TFLOPS | AI37: 8.1 TFLOPS | AJ37: - | AK37: 0.25 TFLOPS | AL37: - | AM37: 130 TOPS | AN37: 260 TOPS | AO37: 32GB/sec | AP37: 12nm FFN, 13.6B | AQ37: PCIe 单槽位 被动散热 | AR37: 75W
A38: RTX 8000（主动散热） | B38: Turing | C38: TU102 (Turing) | D38: 专业工作站 | E38: 4608 | F38: 576 | G38: 16.3 | H38: 32.6 | I38: 130.5 | M38: 0.51 | O38: 261 | P38: 522 | Q38: INT4 | R38: 48 | S38: 672 | T38: 260 | U38: 3D渲染，图形设计，视频编辑，CAD/CAM, VR | W38: 深度学习 | X38: TU102 (Turing) | Y38: 4608 | Z38: 576 | AA38: 1350MHz | AB38: 1630MHz | AC38: 14Gbps GDDR6 | AD38: 384-bit | AE38: 672 GB/sec | AF38: 48GB | AG38: 32.6 TFLOPS | AH38: 130.5 TFLOPS | AI38: 16.3 TFLOPS | AJ38: - | AK38: 0.51 TFLOPS | AL38: - | AM38: 261 TOPS | AN38: 522 TOPS | AO38: 100GB/sec (NVLink 2.0 2-way) | AP38: 18.6B | AQ38: PCIe 双槽位 单涡轮风扇 主动散热 | AR38: 260W (系统供电: 650W)
A39: RTX 8000（被动散热） | B39: Turing | C39: TU102 (Turing) | D39: 专业工作站 | E39: 4608 | F39: 576 | G39: 14.9 | H39: 29.9 | I39: 119 | M39: 0.47 | O39: 238 | P39: 477 | Q39: INT4 | R39: 48 | S39: 624 | T39: 250 | U39: 3D渲染，图形设计，视频编辑，CAD/CAM, VR | W39: 深度学习 | X39: TU102 (Turing) | Y39: 4608 | Z39: 576 | AA39: 1230 MHz | AB39: 1620 MHz | AC39: 14Gbps GDDR6 | AD39: 384-bit | AE39: 624 GB/sec | AF39: 48GB | AG39: 29.9 TFLOPS | AH39: ≈119 TFLOPS | AI39: 14.9 TFLOPS | AJ39: - | AK39: 0.47 TFLOPS | AL39: - | AM39: ≈238 TOPS | AN39: ≈477 TOPS | AO39: 100GB/sec (NVLink 2.0 2-way) | AP39: 18.6B | AQ39: PCIe 双槽位 被动散热 | AR39: 250W
A40: RTX 6000（主动散热） | B40: Turing | C40: TU102 (Turing) | D40: 专业工作站 | E40: 4608 | F40: 576 | G40: 16.3 | H40: 32.6 | I40: 130.5 | M40: 0.51 | O40: 261 | P40: 522 | Q40: INT4 | R40: 24 | S40: 672 | T40: 260 | U40: 3D渲染，图形设计，视频编辑，CAD/CAM, VR | W40: 深度学习 | X40: TU102 (Turing) | Y40: 4608 | Z40: 576 | AA40: 1455MHz | AB40: 1770MHz | AC40: 14Gbps GDDR6 | AD40: 384-bit | AE40: 672 GB/sec | AF40: 24GB | AG40: 32.6 TFLOPS | AH40: 130.5 TFLOPS | AI40: 16.3 TFLOPS | AJ40: - | AK40: 0.51 TFLOPS | AL40: - | AM40: 261 TOPS | AN40: 522 TOPS | AO40: 100GB/sec (NVLink 2.0 2-way) | AP40: 18.6B | AQ40: PCIe 双槽位 单涡轮风扇 主动散热 | AR40: 260W (系统供电: 650W)
A41: RTX 6000（被动散热） | B41: Turing | C41: TU102 (Turing) | D41: 专业工作站 | E41: 4608 | F41: 576 | G41: 14.9 | H41: 29.9 | I41: 119 | M41: 0.47 | O41: 238 | P41: 477 | Q41: INT4 | R41: 24 | S41: 624 | T41: 250 | U41: 3D渲染，图形设计，视频编辑，CAD/CAM, VR | W41: 深度学习 | X41: TU102 (Turing) | Y41: 4608 | Z41: 576 | AA41: 1305 MHz | AB41: 1560 MHz | AC41: 14Gbps GDDR6 | AD41: 384-bit | AE41: 624 GB/sec | AF41: 24GB | AG41: 29.9 TFLOPS | AH41: ≈119 TFLOPS | AI41: 14.9 TFLOPS | AJ41: - | AK41: 0.47 TFLOPS | AL41: - | AM41: ≈238 TOPS | AN41: ≈477 TOPS | AO41: 100GB/sec (NVLink 2.0 2-way) | AP41: 18.6B | AQ41: PCIe 双槽位 被动散热 | AR41: 250W
A42: RTX 5000 | B42: Turing | C42: TU104 (Turing) | D42: 专业工作站 | E42: 3072 | F42: 384 | G42: 11.2 | H42: 22.4 | I42: 89.2 | M42: 0.35 | O42: 178 | P42: 357 | Q42: INT4 | R42: 16 | S42: 448 | T42: 230 | U42: 3D渲染，图形设计，视频编辑，CAD/CAM, VR | W42: 深度学习 | X42: TU104 (Turing) | Y42: 3072 | Z42: 384 | AA42: 1620MHz | AB42: 1815MHz | AC42: 14Gbps GDDR6 | AD42: 256-bit | AE42: 448 GB/sec | AF42: 16GB | AG42: 22.4 TFLOPS | AH42: 89.2 TFLOPS | AI42: 11.2 TFLOPS | AJ42: - | AK42: 0.35 TFLOPS | AL42: - | AM42: 178 TOPS | AN42: 357 TOPS | AO42: 50GB/sec (NVLink 2.0 1-way) | AP42: 13.6B | AQ42: PCIe 双槽位 单涡轮风扇 主动散热 | AR42: 230W
A43: RTX 4000 | B43: Turing | C43: TU104 (Turing) | D43: 专业工作站 | E43: 2304 | F43: 288 | G43: 7.1 | H43: 14.2 | I43: 57 | M43: 0.22 | O43: 114 | P43: 228 | Q43: INT4 | R43: 8 | S43: 416 | T43: 125 | U43: 3D渲染，图形设计，视频编辑，CAD/CAM, VR | W43: 深度学习 | X43: TU104 (Turing) | Y43: 2304 | Z43: 288 | AA43: 1005MHz | AB43: 1540MHz | AC43: 14Gbps GDDR6 | AD43: 256-bit | AE43: 416 GB/Sec | AF43: 8GB | AG43: 14.2 TFLOPS | AH43: 57 TFLOPS | AI43: 7.1 TFLOPS | AJ43: - | AK43: 0.22 TFLOPS | AL43: - | AM43: 114 TOPS | AN43: 228 TOPS | AO43: 32GB/sec | AP43: 13.6B | AQ43: PCIe 单槽位 单涡轮风扇 主动散热 | AR43: 125W
A44: Titan RTX | B44: Turing | C44: TU102 (Turing) | D44: 消费级 | E44: 4608 | F44: 576 | G44: 16.3 | H44: 32.6 | I44: 130.5 | M44: 0.51 | O44: 261 | P44: 522 | Q44: INT4 | R44: 24 | S44: 672 | T44: 280 | U44: 深度学习 | V44: RTX (实时光线追踪) | W44: VR | X44: TU102 (Turing) | Y44: 4608 | Z44: 576 | AA44: 1350MHz | AB44: 1770MHz | AC44: 14Gbps GDDR6 | AD44: 384-bit | AE44: 672 GB/sec | AF44: 24GB | AG44: 32.6 TFLOPS | AH44: 130.5 TFLOPS | AI44: 16.3 TFLOPS | AJ44: - | AK44: 0.51 TFLOPS | AL44: - | AM44: 261 TOPS | AN44: 522 TOPS | AO44: 100GB/sec (NVLink 2.0 2-way) | AP44: 18.6B | AQ44: PCIe 双槽位 双下压风扇 主动散热 | AR44: 280W (系统供电: 650W)
A45: RTX 2080 Ti (EOL) | B45: Turing | C45: TU102 (Turing) | D45: 消费级 | E45: 4352 | F45: 544 | G45: 13.4 | H45: 26.9 | I45: 113.8 | M45: 0.42 | O45: 227 | P45: 455 | Q45: INT4 | R45: 11 | S45: 616 | T45: 260 | U45: 深度学习 | V45: RTX (实时光线追踪) | W45: VR | X45: TU102 (Turing) | Y45: 4352 | Z45: 544 | AA45: 1350MHz | AB45: 1635MHz | AC45: 14Gbps GDDR6 | AD45: 352-bit | AE45: 616 GB/sec | AF45: 11GB | AG45: 26.9 TFLOPS | AH45: 113.8 TFLOPS | AI45: 13.4 TFLOPS | AJ45: - | AK45: 0.42 TFLOPS | AL45: - | AM45: 227 TOPS | AN45: 455 TOPS | AO45: 100GB/sec (NVLink 2.0 2-way) | AP45: 18.6B | AQ45: PCIe 双槽位 单涡轮风扇 主动散热 | AR45: 260W (系统供电: 650W)
A46: RTX 2080 SUPER (EOL) | B46: Turing | C46: TU104 (Turing) | D46: 消费级 | E46: 3072 | F46: 384 | G46: 11.2 | H46: 22.3 | I46: 89.2 | M46: 0.35 | O46: 178 | P46: 357 | Q46: INT4 | R46: 8 | S46: 496 | T46: 250 | U46: 深度学习 | V46: RTX (实时光线追踪) | W46: VR | X46: TU104 (Turing) | Y46: 3072 | Z46: 384 | AA46: 1650MHz | AB46: 1815MHz | AC46: 15.5Gbps GDDR6 | AD46: 256-bit | AE46: 496 GB/sec | AF46: 8GB | AG46: 22.3 TFLOPS | AH46: 89.2 TFLOPS | AI46: 11.2 TFLOPS | AJ46: - | AK46: 0.35 TFLOPS | AL46: - | AM46: 178 TOPS | AN46: 357 TOPS | AO46: 50GB/sec (NVLink 2.0 1-way) | AP46: 13.6B | AQ46: PCIe 双槽位 双下压风扇 主动散热 | AR46: 250W (系统供电: 650W)
A47: RTX 2080 (EOL) | B47: Turing | C47: TU104 (Turing) | D47: 消费级 | E47: 2944 | F47: 368 | G47: 10.6 | H47: 21.2 | I47: 84.8 | M47: 0.33 | O47: 170 | P47: 339 | Q47: INT4 | R47: 8 | S47: 448 | T47: 225 | U47: 深度学习 | V47: RTX (实时光线追踪) | W47: VR | X47: TU104 (Turing) | Y47: 2944 | Z47: 368 | AA47: 1515MHz | AB47: 1800MHz | AC47: 14Gbps GDDR6 | AD47: 256-bit | AE47: 448 GB/sec | AF47: 8GB | AG47: 21.2 TFLOPS | AH47: 84.8 TFLOPS | AI47: 10.6 TFLOPS | AJ47: - | AK47: 0.33 TFLOPS | AL47: - | AM47: 170 TOPS | AN47: 339 TOPS | AO47: 50GB/sec (NVLink 2.0 1-way) | AP47: 13.6B | AQ47: PCIe 双槽位 单涡轮风扇 主动散热 | AR47: 225W (系统供电: 650W)
A48: RTX 2070 (EOL) | B48: Turing | C48: TU106 (Turing) | D48: 消费级 | E48: 2304 | F48: 288 | G48: 7.5 | H48: 14.9 | I48: 59.7 | M48: 0.23 | O48: 119 | P48: 239 | Q48: INT4 | R48: 8 | S48: 448 | T48: 185 | U48: 深度学习 | V48: RTX (实时光线追踪) | W48: VR | X48: TU106 (Turing) | Y48: 2304 | Z48: 288 | AA48: 1410MHz | AB48: 1710MHz | AC48: 14Gbps GDDR6 | AD48: 256-bit | AE48: 448 GB/sec | AF48: 8GB | AG48: 14.9 TFLOPS | AH48: 59.7 TFLOPS | AI48: 7.5 TFLOPS | AJ48: - | AK48: 0.23 TFLOPS | AL48: - | AM48: 119 TOPS | AN48: 239 TOPS | AO48: 32GB/sec | AP48: 10.8B | AQ48: PCIe 双槽位 单涡轮风扇 主动散热 | AR48: 185W (系统供电: 550W)
A49: V100S | B49: Volta | C49: GV100 (Volta) | D49: 数据中心 | E49: 5120 | F49: 640 | G49: 16.4 | H49: 32.8 | I49: 130 | M49: 8.2 | O49: 66 | Q49: — | R49: 32 | S49: 1134 | T49: 250 | U49: 同时运行GPU与CPU服务器的数据中心 | V49: 深度学习大模型算例的并行运行，深度学习 | X49: GV100 (Volta) | Y49: 5120 | Z49: 640 | AA49: 1245MHz | AB49: 1597MHz | AC49: 2.2GHz HBM2 | AD49: 4096-bit | AE49: 1,134GB/sec | AF49: 32GB | AG49: 32.8 TFLOPS | AH49: 130 TFLOPS | AI49: 16.4 TFLOPS | AJ49: - | AK49: 8.2 TFLOPS | AL49: - | AM49: ≈66 TOPS（DP4A） | AN49: - | AO49: 32GB/sec | AP49: 12nm FFN, 21.1B | AQ49: PCIe 双槽位 被动散热 | AR49: 250W
A50: V100 SXM2 | B50: Volta | C50: GV100 (Volta) | D50: 数据中心 | E50: 5120 | F50: 640 | G50: 15.7 | H50: 31.4 | I50: 125 | M50: 7.8 | O50: 63 | Q50: — | R50: 32 | S50: 900 | T50: 300 | U50: 科学计算 | X50: GV100 (Volta) | Y50: 5120 | Z50: 640 | AA50: 1370MHz | AB50: 1455MHz | AC50: 1.75GHz HBM2 | AD50: 4096-bit | AE50: 900GB/sec | AF50: 32GB 16GB | AG50: 31.4 TFLOPS | AH50: 125 TFLOPS | AI50: 15.7 TFLOPS | AJ50: - | AK50: 7.8 TFLOPS | AL50: - | AM50: ≈63 TOPS（DP4A） | AN50: - | AO50: Nvlink 2.0 300GB/sec | AP50: 12nm FFN, 21.1B | AQ50: SXM 接口，适合于NVLink专用主板 | AR50: 300W
A51: V100 | B51: Volta | C51: GV100 (Volta) | D51: 数据中心 | E51: 5120 | F51: 640 | G51: 14.1 | H51: 28.2 | I51: 112 | M51: 7 | O51: 56 | Q51: — | R51: 32 | S51: 900 | T51: 250 | U51: 同时运行GPU与CPU服务器的数据中心 | X51: GV100 (Volta) | Y51: 5120 | Z51: 640 | AA51: 1370MHz | AB51: 1455MHz | AC51: 1.75GHz HBM2 | AD51: 4096-bit | AE51: 900GB/sec | AF51: 32GB 16GB | AG51: 28.2 TFLOPS | AH51: 112 TFLOPS | AI51: 14.1 TFLOPS | AJ51: - | AK51: 7 TFLOPS | AL51: - | AM51: ≈56 TOPS（DP4A） | AN51: - | AO51: 32GB/sec | AP51: 12nm FFN, 21.1B | AQ51: PCIe 双槽位 被动散热 | AR51: 250W
A52: Titan V (EOL) | B52: Volta | C52: GV100 (Volta) | D52: 消费级 | E52: 5120 | F52: 640 | G52: 13.8 | H52: 27.6 | I52: 110 | M52: 6.9 | O52: 55 | Q52: — | R52: 12 | S52: 652.8 | T52: 250 | U52: 科学计算 | W52: 深度学习 | X52: GV100 (Volta) | Y52: 5120 | Z52: 640 | AA52: 1200MHz | AB52: 1455MHz | AC52: 1.7GHz HBM2 | AD52: 3072-bit | AE52: 652.8GB/sec | AF52: 12GB | AG52: 27.6 TFLOPS | AH52: 110 TFLOPS | AI52: 13.8 TFLOPS | AJ52: - | AK52: 6.9 TFLOPS | AL52: - | AM52: ≈55 TOPS（DP4A） | AN52: - | AO52: 32GB/sec | AP52: 21.1B | AQ52: PCIe 双槽位 单涡轮风扇 主动散热 | AR52: 250W (系统供电: 600W)
A53: GV100 (EOL) | B53: Volta | C53: GV100 (Volta) | D53: 数据中心 | E53: 5120 | F53: 640 | G53: 14.8 | H53: 29.6 | I53: 118.5 | M53: 7.4 | O53: 59 | Q53: — | R53: 32 | S53: 870 | T53: 250 | U53: 科学计算 | V53: 深度学习 | W53: 3D渲染，图形设计，视频编辑，CAD/CAM, VR | X53: GV100 (Volta) | Y53: 5120 | Z53: 640 | AA53: 1202MHz | AB53: 1450MHz | AC53: 1.7GHz HBM2 | AD53: 4096-bit | AE53: 870 GB/sec | AF53: 32GB | AG53: 29.6 TFLOPS | AH53: 118.5 TFLOPS | AI53: 14.8 TFLOPS | AJ53: - | AK53: 7.4 TFLOPS | AL53: - | AM53: ≈59 TOPS（DP4A） | AN53: - | AO53: 200GB/sec (NVLink 2.0 4-way) | AP53: 21.1B | AQ53: PCIe 双槽位 单涡轮风扇 主动散热 | AR53: 250W
A54: GP100 (EOL) | B54: Pascal | C54: GP100 (Pascal) | D54: 数据中心 | E54: 3584 | G54: 10.3 | H54: 20.7 | M54: 5.2 | Q54: — | R54: 16 | S54: 717 | T54: 235 | U54: 科学计算 | V54: 深度学习 | W54: 3D渲染，图形设计，视频编辑，CAD/CAM, VR | X54: GP100 (Pascal) | Y54: 3,584 (FP32) 1,792 (FP64) | Z54: - | AA54: 1380MHz | AB54: 1430MHz | AC54: 1.7GHz HBM2 | AD54: 4096-bit | AE54: 717GB/sec | AF54: 16GB | AG54: 20.7 TFLOPS | AH54: - | AI54: 10.3 TFLOPS | AJ54: - | AK54: 5.2 TFLOPS | AL54: - | AM54: - | AN54: - | AO54: 160GB/sec (NVLink 1.0 4-way) | AP54: 15.3B | AQ54: PCIe 双槽位 单涡轮风扇 主动散热 | AR54: 235W
A55: P100 SXM2 (EOL) | B55: Pascal | C55: GP100 (Pascal) | D55: 数据中心 | E55: 3584 | G55: 10.6 | H55: 21.2 | M55: 5.3 | Q55: — | R55: 16 | S55: 732 | T55: 300 | U55: 科学计算 | V55: 深度学习 | X55: GP100 (Pascal) | Y55: 3,584 (FP32) 1,792 (FP64) | Z55: - | AA55: 1328MHz | AB55: 1480MHz | AC55: 1.4GHz HBM2 | AD55: 4096-bit | AE55: 732GB/sec | AF55: 16GB | AG55: 21.2 TFLOPS | AH55: - | AI55: 10.6 TFLOPS | AJ55: - | AK55: 5.3 TFLOPS | AL55: - | AM55: - | AN55: - | AO55: Nvlink 1.0 160 GB/sec | AP55: 16nm FinFET+, 15.3B | AQ55: SXM 接口，适合于NVLink专用主板 | AR55: 300W
A56: P100 (EOL) | B56: Pascal | C56: GP100 (Pascal) | D56: 数据中心 | E56: 3584 | G56: 9.3 | H56: 18.7 | M56: 4.7 | Q56: — | R56: 16 | S56: 732 | T56: 250 | U56: 同时运行GPU与CPU服务器的数据中心 | X56: GP100 (Pascal) | Y56: 3584 | Z56: - | AA56: 1328MHz | AB56: 1480MHz | AC56: 1.4GHz HBM2 | AD56: 4096-bit | AE56: 732GB/s (16GB) 549GB/s (12GB) | AF56: 16GB 12GB | AG56: 18.7 TFLOPS | AH56: - | AI56: 9.3 TFLOPS | AJ56: - | AK56: 4.7 TFLOPS | AL56: - | AM56: - | AN56: - | AO56: 32GB/sec | AP56: 16nm FinFET+, 15.3B | AQ56: PCIe 双槽位 被动散热 | AR56: 250W
A57: P40 (EOL) | B57: Pascal | C57: GP102 (Pascal) | D57: 数据中心 | E57: 3840 | G57: 12 | H57: 0.18 | M57: 0.36 | O57: 47 | Q57: — | R57: 24 | S57: 346 | T57: 250 | U57: 深度学习 | V57: 超大规模科学计算 | W57: 简化数据中心级的模型训练的推理 | X57: GP102 (Pascal) | Y57: 3840 | Z57: - | AA57: 1303MHz | AB57: 1531MHz | AC57: 7.2Gbps GDDR5 | AD57: 384-bit | AE57: 346GB/sec | AF57: 24GB | AG57: 0.18 TFLOPS | AH57: - | AI57: 12 TFLOPS | AJ57: - | AK57: 0.36 TFLOPS | AL57: - | AM57: ≈47 TOPS（DP4A） | AN57: - | AO57: 32GB/sec | AP57: 12B | AQ57: PCIe 双槽位 被动散热 | AR57: 250W
A58: P4 (EOL) | B58: Pascal | C58: GP104 (Pascal) | D58: 数据中心 | E58: 2560 | G58: 5.5 | H58: 0.09 | M58: 0.17 | O58: 22 | Q58: — | R58: 8 | S58: 192 | T58: 75 | U58: 小型，低功耗，适合扩展部署 | V58: 适合线上运营及视频处理 | X58: GP104 (Pascal) | Y58: 2560 | Z58: - | AA58: 810MHz | AB58: 1063MHz | AC58: 6Gbps GDDR5 | AD58: 256-bit | AE58: 192GB/sec | AF58: 8GB | AG58: 0.09 TFLOPS | AH58: - | AI58: 5.5 TFLOPS | AJ58: - | AK58: 0.17 TFLOPS | AL58: - | AM58: ≈22 TOPS（DP4A） | AN58: - | AO58: 32GB/sec | AP58: 7.2B | AQ58: PCIe 单槽位 被动散热 | AR58: 50-75W
A59: Titan Xp (EOL) | B59: Pascal | C59: GP102 (Pascal) | D59: 消费级 | E59: 3840 | G59: 12.1 | H59: 0.19 | M59: 0.38 | O59: 48 | Q59: — | R59: 12 | S59: 547.7 | T59: 250 | U59: 深度学习 | X59: GP102 (Pascal) | Y59: 3840 | Z59: - | AA59: 1481MHz | AB59: 1582MHz | AC59: 11.4Gbps GDDR5X | AD59: 384-bit | AE59: 547.7GB/sec | AF59: 12GB | AG59: 0.19 TFLOPS | AH59: - | AI59: 12 TFLOPS | AJ59: - | AK59: 0.38 TFLOPS | AL59: - | AM59: ≈48 TOPS（DP4A） | AN59: - | AO59: 32GB/sec | AP59: 12B | AQ59: PCIe 双槽位 单涡轮风扇 主动散热 | AR59: 250W (系统供电: 600W)
A60: GTX 1080 Ti FE (EOL) | B60: Pascal | C60: GP102 (Pascal) | D60: 消费级 | E60: 3584 | G60: 11.4 | H60: 0.18 | M60: 0.36 | O60: 45 | Q60: — | R60: 11 | S60: 484 | T60: 250 | U60: 深度学习（高性价比） | X60: GP102 (Pascal) | Y60: 3584 | Z60: - | AA60: 1481MHz | AB60: 1582MHz | AC60: 11Gbps GDDR5X | AD60: 352-bit | AE60: 484GB/sec | AF60: 11GB | AG60: 0.18 TFLOPS | AH60: - | AI60: 11.4 TFLOPS | AJ60: - | AK60: 0.36 TFLOPS | AL60: - | AM60: ≈45 TOPS（DP4A） | AN60: - | AO60: 32GB/sec | AP60: 12B | AQ60: PCIe 双槽位 单涡轮风扇 主动散热 | AR60: 250W (系统供电: 600W)
A61: P6000 (EOL) | B61: Pascal | C61: GP102 (Pascal) | D61: 专业工作站 | E61: 3840 | G61: 12 | H61: 0.19 | M61: 0.37 | O61: 48 | Q61: — | R61: 24 | S61: 432 | T61: 250 | U61: 深度学习 | V61: VR | W61: 3D渲染，图形设计，视频编辑，CAD/CAM, VR | X61: GP102 (Pascal) | Y61: 3840 | Z61: - | AA61: 1417MHz | AB61: 1530MHz | AC61: 9Gbps GDDR5 | AD61: 384-bit | AE61: 432GB/sec | AF61: 24GB | AG61: 0.19 TFLOPS | AH61: - | AI61: 12 TFLOPS | AJ61: - | AK61: 0.37 TFLOPS | AL61: - | AM61: ≈48 TOPS（DP4A） | AN61: - | AO61: 32GB/sec | AP61: 12B | AQ61: PCIe 双槽位 单涡轮风扇 主动散热 | AR61: 250W
A62: P5000 (EOL) | B62: Pascal | C62: GP104 (Pascal) | D62: 专业工作站 | E62: 2560 | G62: 8.9 | H62: 0.14 | M62: 0.28 | O62: 36 | Q62: — | R62: 16 | S62: 288 | T62: 180 | U62: 深度学习 | V62: 3D渲染，CAD / CAM | W62: VR | X62: GP104 (Pascal) | Y62: 2560 | Z62: - | AA62: 1620MHz | AB62: 1733MHz | AC62: 9Gbps GDDR5 | AD62: 256-bit | AE62: 288GB/sec | AF62: 16GB | AG62: 0.14 TFLOPS | AH62: - | AI62: 8.9 TFLOPS | AJ62: - | AK62: 0.28 TFLOPS | AL62: - | AM62: ≈36 TOPS（DP4A） | AN62: - | AO62: 32GB/sec | AP62: 7.2B | AQ62: PCIe 双槽位 单涡轮风扇 主动散热 | AR62: 180W
A63: P4000 (EOL) | B63: Pascal | C63: GP104 (Pascal) | D63: 专业工作站 | E63: 1792 | G63: 5.3 | H63: 0.08 | M63: 0.25 | O63: 21 | Q63: — | R63: 8 | S63: 243 | T63: 105 | U63: CAD / CAM 中型处理 | W63: VR | X63: GP104 (Pascal) | Y63: 1792 | Z63: - | AA63: 1202 MHz | AB63: 1480 MHz | AC63: 5.8Gbps GDDR5 | AD63: 256-bit | AE63: 243GB/sec | AF63: 8GB | AG63: 0.08 TFLOPS | AH63: - | AI63: 5.3 TFLOPS | AJ63: - | AK63: 0.25 TFLOPS | AL63: - | AM63: ≈21 TOPS（DP4A） | AN63: - | AO63: 32GB/sec | AP63: 7.2B | AQ63: PCIe 单槽位 单涡轮风扇 主动散热 | AR63: 105W

Sheet 选型对比
B2: GPU 选型对比工具（下拉选择，自动对比）
B3: 使用方法：在第 6 行黄色单元格中下拉选择 3~6 款型号（至少 3 款），下方参数表、数值指标与柱状图将自动更新。
B4: 数据来源：「参数对比」表；算力标记 ²=稀疏口径，*=稀疏口径，≈=推算值。型号含重名列（A40、RTX 8000、RTX 6000）时下拉选择任一即可（参数相同）。
B6: 对比型号 → | C6: B300 SXM | D6: B200 SXM | E6: H100 SXM | F6: GB300 NVL72
B7: （红色为建议必选的前 3 款）
B9: 参数 | C9: =IF(C$6="","",C$6) -> B300 SXM | D9: =IF(D$6="","",D$6) -> B200 SXM | E9: =IF(E$6="","",E$6) -> H100 SXM | F9: =IF(F$6="","",F$6) -> GB300 NVL72 | G9: =IF(G$6="","",G$6) | H9: =IF(H$6="","",H$6)
B10: =速览对比!$U$1 -> Target Markets / 目标市场 | C10: =IF(C$6="","",IFERROR(IF(ISTEXT(INDEX(速览对比!$U$2:$U$63,MATCH(C$6,速览对比!$A$2:$A$63,0))),INDEX(速览对比!$U$2:$U$63,MATCH(C$6,速览对比!$A$2:$A$63,0)),IF(INDEX(速览对比!$U$2:$U$63,MATCH(C$6,速览对比!$A$2:$A$63,0))=0,"",INDEX(速览对比!$U$2:$U$63,MATCH(C$6,速览对比!$A$2:$A$63,0)))),"-")) -> 2025年3月GTC发布的Blackwell Ultra架构GPU（GB100双芯粒，TSMC 4NP，2080亿晶体管）：288GB HBM3e显存、8TB/s带宽，FP4稠密算力较B200提升50%，attention吞吐约2倍。面向万亿参数大模型训练、长上下文推理与AI工厂（HGX B300 / DGX B300 / GB300 NVL72），需液冷 | D10: =IF(D$6="","",IFERROR(IF(ISTEXT(INDEX(速览对比!$U$2:$U$63,MATCH(D$6,速览对比!$A$2:$A$63,0))),INDEX(速览对比!$U$2:$U$63,MATCH(D$6,速览对比!$A$2:$A$63,0)),IF(INDEX(速览对比!$U$2:$U$63,MATCH(D$6,速览对比!$A$2:$A$63,0))=0,"",INDEX(速览对比!$U$2:$U$63,MATCH(D$6,速览对比!$A$2:$A$63,0)))),"-")) -> 这是一款采用台积电4NP工艺的GPU，采用NVIDIA Blackwell架构，上市时间为2024年。具有2080亿个晶体管、16896个CUDA核心和192GB HBM3e显存，FP32算力75 TFLOPS，总功耗为1000W。 | E10: =IF(E$6="","",IFERROR(IF(ISTEXT(INDEX(速览对比!$U$2:$U$63,MATCH(E$6,速览对比!$A$2:$A$63,0))),INDEX(速览对比!$U$2:$U$63,MATCH(E$6,速览对比!$A$2:$A$63,0)),IF(INDEX(速览对比!$U$2:$U$63,MATCH(E$6,速览对比!$A$2:$A$63,0))=0,"",INDEX(速览对比!$U$2:$U$63,MATCH(E$6,速览对比!$A$2:$A$63,0)))),"-")) -> H100 是全球范围内最大的性能出众的加速器，拥有革命性的 Transformer 引擎和高度可扩展的 NVIDIA NVLink® 互连技术等突破性功能，可推动庞大的 AI 语言模型、深度推荐系统、基因组学和复杂数字孪生的发展 | F10: =IF(F$6="","",IFERROR(IF(ISTEXT(INDEX(速览对比!$U$2:$U$63,MATCH(F$6,速览对比!$A$2:$A$63,0))),INDEX(速览对比!$U$2:$U$63,MATCH(F$6,速览对比!$A$2:$A$63,0)),IF(INDEX(速览对比!$U$2:$U$63,MATCH(F$6,速览对比!$A$2:$A$63,0))=0,"",INDEX(速览对比!$U$2:$U$63,MATCH(F$6,速览对比!$A$2:$A$63,0)))),"-")) -> 数据中心（AI 工厂 / 机柜级方案） | G10: =IF(G$6="","",IFERROR(IF(ISTEXT(INDEX(速览对比!$U$2:$U$63,MATCH(G$6,速览对比!$A$2:$A$63,0))),INDEX(速览对比!$U$2:$U$63,MATCH(G$6,速览对比!$A$2:$A$63,0)),IF(INDEX(速览对比!$U$2:$U$63,MATCH(G$6,速览对比!$A$2:$A$63,0))=0,"",INDEX(速览对比!$U$2:$U$63,MATCH(G$6,速览对比!$A$2:$A$63,0)))),"-")) | H10: =IF(H$6="","",IFERROR(IF(ISTEXT(INDEX(速览对比!$U$2:$U$63,MATCH(H$6,速览对比!$A$2:$A$63,0))),INDEX(速览对比!$U$2:$U$63,MATCH(H$6,速览对比!$A$2:$A$63,0)),IF(INDEX(速览对比!$U$2:$U$63,MATCH(H$6,速览对比!$A$2:$A$63,0))=0,"",INDEX(速览对比!$U$2:$U$63,MATCH(H$6,速览对比!$A$2:$A$63,0)))),"-"))
B11: 目标市场（细分 2） | C11: =IF(C$6="","",IFERROR(IF(ISTEXT(INDEX(速览对比!$V$2:$V$63,MATCH(C$6,速览对比!$A$2:$A$63,0))),INDEX(速览对比!$V$2:$V$63,MATCH(C$6,速览对比!$A$2:$A$63,0)),IF(INDEX(速览对比!$V$2:$V$63,MATCH(C$6,速览对比!$A$2:$A$63,0))=0,"",INDEX(速览对比!$V$2:$V$63,MATCH(C$6,速览对比!$A$2:$A$63,0)))),"-")) | D11: =IF(D$6="","",IFERROR(IF(ISTEXT(INDEX(速览对比!$V$2:$V$63,MATCH(D$6,速览对比!$A$2:$A$63,0))),INDEX(速览对比!$V$2:$V$63,MATCH(D$6,速览对比!$A$2:$A$63,0)),IF(INDEX(速览对比!$V$2:$V$63,MATCH(D$6,速览对比!$A$2:$A$63,0))=0,"",INDEX(速览对比!$V$2:$V$63,MATCH(D$6,速览对比!$A$2:$A$63,0)))),"-")) | E11: =IF(E$6="","",IFERROR(IF(ISTEXT(INDEX(速览对比!$V$2:$V$63,MATCH(E$6,速览对比!$A$2:$A$63,0))),INDEX(速览对比!$V$2:$V$63,MATCH(E$6,速览对比!$A$2:$A$63,0)),IF(INDEX(速览对比!$V$2:$V$63,MATCH(E$6,速览对比!$A$2:$A$63,0))=0,"",INDEX(速览对比!$V$2:$V$63,MATCH(E$6,速览对比!$A$2:$A$63,0)))),"-")) | F11: =IF(F$6="","",IFERROR(IF(ISTEXT(INDEX(速览对比!$V$2:$V$63,MATCH(F$6,速览对比!$A$2:$A$63,0))),INDEX(速览对比!$V$2:$V$63,MATCH(F$6,速览对比!$A$2:$A$63,0)),IF(INDEX(速览对比!$V$2:$V$63,MATCH(F$6,速览对比!$A$2:$A$63,0))=0,"",INDEX(速览对比!$V$2:$V$63,MATCH(F$6,速览对比!$A$2:$A$63,0)))),"-")) | G11: =IF(G$6="","",IFERROR(IF(ISTEXT(INDEX(速览对比!$V$2:$V$63,MATCH(G$6,速览对比!$A$2:$A$63,0))),INDEX(速览对比!$V$2:$V$63,MATCH(G$6,速览对比!$A$2:$A$63,0)),IF(INDEX(速览对比!$V$2:$V$63,MATCH(G$6,速览对比!$A$2:$A$63,0))=0,"",INDEX(速览对比!$V$2:$V$63,MATCH(G$6,速览对比!$A$2:$A$63,0)))),"-")) | H11: =IF(H$6="","",IFERROR(IF(ISTEXT(INDEX(速览对比!$V$2:$V$63,MATCH(H$6,速览对比!$A$2:$A$63,0))),INDEX(速览对比!$V$2:$V$63,MATCH(H$6,速览对比!$A$2:$A$63,0)),IF(INDEX(速览对比!$V$2:$V$63,MATCH(H$6,速览对比!$A$2:$A$63,0))=0,"",INDEX(速览对比!$V$2:$V$63,MATCH(H$6,速览对比!$A$2:$A$63,0)))),"-"))
B12: 目标市场（细分 3） | C12: =IF(C$6="","",IFERROR(IF(ISTEXT(INDEX(速览对比!$W$2:$W$63,MATCH(C$6,速览对比!$A$2:$A$63,0))),INDEX(速览对比!$W$2:$W$63,MATCH(C$6,速览对比!$A$2:$A$63,0)),IF(INDEX(速览对比!$W$2:$W$63,MATCH(C$6,速览对比!$A$2:$A$63,0))=0,"",INDEX(速览对比!$W$2:$W$63,MATCH(C$6,速览对比!$A$2:$A$63,0)))),"-")) | D12: =IF(D$6="","",IFERROR(IF(ISTEXT(INDEX(速览对比!$W$2:$W$63,MATCH(D$6,速览对比!$A$2:$A$63,0))),INDEX(速览对比!$W$2:$W$63,MATCH(D$6,速览对比!$A$2:$A$63,0)),IF(INDEX(速览对比!$W$2:$W$63,MATCH(D$6,速览对比!$A$2:$A$63,0))=0,"",INDEX(速览对比!$W$2:$W$63,MATCH(D$6,速览对比!$A$2:$A$63,0)))),"-")) | E12: =IF(E$6="","",IFERROR(IF(ISTEXT(INDEX(速览对比!$W$2:$W$63,MATCH(E$6,速览对比!$A$2:$A$63,0))),INDEX(速览对比!$W$2:$W$63,MATCH(E$6,速览对比!$A$2:$A$63,0)),IF(INDEX(速览对比!$W$2:$W$63,MATCH(E$6,速览对比!$A$2:$A$63,0))=0,"",INDEX(速览对比!$W$2:$W$63,MATCH(E$6,速览对比!$A$2:$A$63,0)))),"-")) | F12: =IF(F$6="","",IFERROR(IF(ISTEXT(INDEX(速览对比!$W$2:$W$63,MATCH(F$6,速览对比!$A$2:$A$63,0))),INDEX(速览对比!$W$2:$W$63,MATCH(F$6,速览对比!$A$2:$A$63,0)),IF(INDEX(速览对比!$W$2:$W$63,MATCH(F$6,速览对比!$A$2:$A$63,0))=0,"",INDEX(速览对比!$W$2:$W$63,MATCH(F$6,速览对比!$A$2:$A$63,0)))),"-")) | G12: =IF(G$6="","",IFERROR(IF(ISTEXT(INDEX(速览对比!$W$2:$W$63,MATCH(G$6,速览对比!$A$2:$A$63,0))),INDEX(速览对比!$W$2:$W$63,MATCH(G$6,速览对比!$A$2:$A$63,0)),IF(INDEX(速览对比!$W$2:$W$63,MATCH(G$6,速览对比!$A$2:$A$63,0))=0,"",INDEX(速览对比!$W$2:$W$63,MATCH(G$6,速览对比!$A$2:$A$63,0)))),"-")) | H12: =IF(H$6="","",IFERROR(IF(ISTEXT(INDEX(速览对比!$W$2:$W$63,MATCH(H$6,速览对比!$A$2:$A$63,0))),INDEX(速览对比!$W$2:$W$63,MATCH(H$6,速览对比!$A$2:$A$63,0)),IF(INDEX(速览对比!$W$2:$W$63,MATCH(H$6,速览对比!$A$2:$A$63,0))=0,"",INDEX(速览对比!$W$2:$W$63,MATCH(H$6,速览对比!$A$2:$A$63,0)))),"-"))
B13: =速览对比!$X$1 -> GPU / 图形处理单元（架构） | C13: =IF(C$6="","",IFERROR(IF(ISTEXT(INDEX(速览对比!$X$2:$X$63,MATCH(C$6,速览对比!$A$2:$A$63,0))),INDEX(速览对比!$X$2:$X$63,MATCH(C$6,速览对比!$A$2:$A$63,0)),IF(INDEX(速览对比!$X$2:$X$63,MATCH(C$6,速览对比!$A$2:$A$63,0))=0,"",INDEX(速览对比!$X$2:$X$63,MATCH(C$6,速览对比!$A$2:$A$63,0)))),"-")) -> GB300（Blackwell Ultra） | D13: =IF(D$6="","",IFERROR(IF(ISTEXT(INDEX(速览对比!$X$2:$X$63,MATCH(D$6,速览对比!$A$2:$A$63,0))),INDEX(速览对比!$X$2:$X$63,MATCH(D$6,速览对比!$A$2:$A$63,0)),IF(INDEX(速览对比!$X$2:$X$63,MATCH(D$6,速览对比!$A$2:$A$63,0))=0,"",INDEX(速览对比!$X$2:$X$63,MATCH(D$6,速览对比!$A$2:$A$63,0)))),"-")) -> GB100（Blackwell，双芯粒） | E13: =IF(E$6="","",IFERROR(IF(ISTEXT(INDEX(速览对比!$X$2:$X$63,MATCH(E$6,速览对比!$A$2:$A$63,0))),INDEX(速览对比!$X$2:$X$63,MATCH(E$6,速览对比!$A$2:$A$63,0)),IF(INDEX(速览对比!$X$2:$X$63,MATCH(E$6,速览对比!$A$2:$A$63,0))=0,"",INDEX(速览对比!$X$2:$X$63,MATCH(E$6,速览对比!$A$2:$A$63,0)))),"-")) -> GH100（Hopper） | F13: =IF(F$6="","",IFERROR(IF(ISTEXT(INDEX(速览对比!$X$2:$X$63,MATCH(F$6,速览对比!$A$2:$A$63,0))),INDEX(速览对比!$X$2:$X$63,MATCH(F$6,速览对比!$A$2:$A$63,0)),IF(INDEX(速览对比!$X$2:$X$63,MATCH(F$6,速览对比!$A$2:$A$63,0))=0,"",INDEX(速览对比!$X$2:$X$63,MATCH(F$6,速览对比!$A$2:$A$63,0)))),"-")) -> GB300（Blackwell Ultra） | G13: =IF(G$6="","",IFERROR(IF(ISTEXT(INDEX(速览对比!$X$2:$X$63,MATCH(G$6,速览对比!$A$2:$A$63,0))),INDEX(速览对比!$X$2:$X$63,MATCH(G$6,速览对比!$A$2:$A$63,0)),IF(INDEX(速览对比!$X$2:$X$63,MATCH(G$6,速览对比!$A$2:$A$63,0))=0,"",INDEX(速览对比!$X$2:$X$63,MATCH(G$6,速览对比!$A$2:$A$63,0)))),"-")) | H13: =IF(H$6="","",IFERROR(IF(ISTEXT(INDEX(速览对比!$X$2:$X$63,MATCH(H$6,速览对比!$A$2:$A$63,0))),INDEX(速览对比!$X$2:$X$63,MATCH(H$6,速览对比!$A$2:$A$63,0)),IF(INDEX(速览对比!$X$2:$X$63,MATCH(H$6,速览对比!$A$2:$A$63,0))=0,"",INDEX(速览对比!$X$2:$X$63,MATCH(H$6,速览对比!$A$2:$A$63,0)))),"-"))
B14: =速览对比!$Y$1 -> GPU Cores / CUDA 单元数 | C14: =IF(C$6="","",IFERROR(IF(ISTEXT(INDEX(速览对比!$Y$2:$Y$63,MATCH(C$6,速览对比!$A$2:$A$63,0))),INDEX(速览对比!$Y$2:$Y$63,MATCH(C$6,速览对比!$A$2:$A$63,0)),IF(INDEX(速览对比!$Y$2:$Y$63,MATCH(C$6,速览对比!$A$2:$A$63,0))=0,"",INDEX(速览对比!$Y$2:$Y$63,MATCH(C$6,速览对比!$A$2:$A$63,0)))),"-")) -> 16896 | D14: =IF(D$6="","",IFERROR(IF(ISTEXT(INDEX(速览对比!$Y$2:$Y$63,MATCH(D$6,速览对比!$A$2:$A$63,0))),INDEX(速览对比!$Y$2:$Y$63,MATCH(D$6,速览对比!$A$2:$A$63,0)),IF(INDEX(速览对比!$Y$2:$Y$63,MATCH(D$6,速览对比!$A$2:$A$63,0))=0,"",INDEX(速览对比!$Y$2:$Y$63,MATCH(D$6,速览对比!$A$2:$A$63,0)))),"-")) -> 16896 | E14: =IF(E$6="","",IFERROR(IF(ISTEXT(INDEX(速览对比!$Y$2:$Y$63,MATCH(E$6,速览对比!$A$2:$A$63,0))),INDEX(速览对比!$Y$2:$Y$63,MATCH(E$6,速览对比!$A$2:$A$63,0)),IF(INDEX(速览对比!$Y$2:$Y$63,MATCH(E$6,速览对比!$A$2:$A$63,0))=0,"",INDEX(速览对比!$Y$2:$Y$63,MATCH(E$6,速览对比!$A$2:$A$63,0)))),"-")) -> 16896 | F14: =IF(F$6="","",IFERROR(IF(ISTEXT(INDEX(速览对比!$Y$2:$Y$63,MATCH(F$6,速览对比!$A$2:$A$63,0))),INDEX(速览对比!$Y$2:$Y$63,MATCH(F$6,速览对比!$A$2:$A$63,0)),IF(INDEX(速览对比!$Y$2:$Y$63,MATCH(F$6,速览对比!$A$2:$A$63,0))=0,"",INDEX(速览对比!$Y$2:$Y$63,MATCH(F$6,速览对比!$A$2:$A$63,0)))),"-")) -> 16896（每GPU） | G14: =IF(G$6="","",IFERROR(IF(ISTEXT(INDEX(速览对比!$Y$2:$Y$63,MATCH(G$6,速览对比!$A$2:$A$63,0))),INDEX(速览对比!$Y$2:$Y$63,MATCH(G$6,速览对比!$A$2:$A$63,0)),IF(INDEX(速览对比!$Y$2:$Y$63,MATCH(G$6,速览对比!$A$2:$A$63,0))=0,"",INDEX(速览对比!$Y$2:$Y$63,MATCH(G$6,速览对比!$A$2:$A$63,0)))),"-")) | H14: =IF(H$6="","",IFERROR(IF(ISTEXT(INDEX(速览对比!$Y$2:$Y$63,MATCH(H$6,速览对比!$A$2:$A$63,0))),INDEX(速览对比!$Y$2:$Y$63,MATCH(H$6,速览对比!$A$2:$A$63,0)),IF(INDEX(速览对比!$Y$2:$Y$63,MATCH(H$6,速览对比!$A$2:$A$63,0))=0,"",INDEX(速览对比!$Y$2:$Y$63,MATCH(H$6,速览对比!$A$2:$A$63,0)))),"-"))
B15: =速览对比!$Z$1 -> Tensor Cores / Tensor 核数 | C15: =IF(C$6="","",IFERROR(IF(ISTEXT(INDEX(速览对比!$Z$2:$Z$63,MATCH(C$6,速览对比!$A$2:$A$63,0))),INDEX(速览对比!$Z$2:$Z$63,MATCH(C$6,速览对比!$A$2:$A$63,0)),IF(INDEX(速览对比!$Z$2:$Z$63,MATCH(C$6,速览对比!$A$2:$A$63,0))=0,"",INDEX(速览对比!$Z$2:$Z$63,MATCH(C$6,速览对比!$A$2:$A$63,0)))),"-")) -> 528 | D15: =IF(D$6="","",IFERROR(IF(ISTEXT(INDEX(速览对比!$Z$2:$Z$63,MATCH(D$6,速览对比!$A$2:$A$63,0))),INDEX(速览对比!$Z$2:$Z$63,MATCH(D$6,速览对比!$A$2:$A$63,0)),IF(INDEX(速览对比!$Z$2:$Z$63,MATCH(D$6,速览对比!$A$2:$A$63,0))=0,"",INDEX(速览对比!$Z$2:$Z$63,MATCH(D$6,速览对比!$A$2:$A$63,0)))),"-")) -> 528 | E15: =IF(E$6="","",IFERROR(IF(ISTEXT(INDEX(速览对比!$Z$2:$Z$63,MATCH(E$6,速览对比!$A$2:$A$63,0))),INDEX(速览对比!$Z$2:$Z$63,MATCH(E$6,速览对比!$A$2:$A$63,0)),IF(INDEX(速览对比!$Z$2:$Z$63,MATCH(E$6,速览对比!$A$2:$A$63,0))=0,"",INDEX(速览对比!$Z$2:$Z$63,MATCH(E$6,速览对比!$A$2:$A$63,0)))),"-")) -> 528 | F15: =IF(F$6="","",IFERROR(IF(ISTEXT(INDEX(速览对比!$Z$2:$Z$63,MATCH(F$6,速览对比!$A$2:$A$63,0))),INDEX(速览对比!$Z$2:$Z$63,MATCH(F$6,速览对比!$A$2:$A$63,0)),IF(INDEX(速览对比!$Z$2:$Z$63,MATCH(F$6,速览对比!$A$2:$A$63,0))=0,"",INDEX(速览对比!$Z$2:$Z$63,MATCH(F$6,速览对比!$A$2:$A$63,0)))),"-")) -> 528（每GPU） | G15: =IF(G$6="","",IFERROR(IF(ISTEXT(INDEX(速览对比!$Z$2:$Z$63,MATCH(G$6,速览对比!$A$2:$A$63,0))),INDEX(速览对比!$Z$2:$Z$63,MATCH(G$6,速览对比!$A$2:$A$63,0)),IF(INDEX(速览对比!$Z$2:$Z$63,MATCH(G$6,速览对比!$A$2:$A$63,0))=0,"",INDEX(速览对比!$Z$2:$Z$63,MATCH(G$6,速览对比!$A$2:$A$63,0)))),"-")) | H15: =IF(H$6="","",IFERROR(IF(ISTEXT(INDEX(速览对比!$Z$2:$Z$63,MATCH(H$6,速览对比!$A$2:$A$63,0))),INDEX(速览对比!$Z$2:$Z$63,MATCH(H$6,速览对比!$A$2:$A$63,0)),IF(INDEX(速览对比!$Z$2:$Z$63,MATCH(H$6,速览对比!$A$2:$A$63,0))=0,"",INDEX(速览对比!$Z$2:$Z$63,MATCH(H$6,速览对比!$A$2:$A$63,0)))),"-"))
B16: =速览对比!$AA$1 -> Core Clock / 基本频率 | C16: =IF(C$6="","",IFERROR(IF(ISTEXT(INDEX(速览对比!$AA$2:$AA$63,MATCH(C$6,速览对比!$A$2:$A$63,0))),INDEX(速览对比!$AA$2:$AA$63,MATCH(C$6,速览对比!$A$2:$A$63,0)),IF(INDEX(速览对比!$AA$2:$AA$63,MATCH(C$6,速览对比!$A$2:$A$63,0))=0,"",INDEX(速览对比!$AA$2:$AA$63,MATCH(C$6,速览对比!$A$2:$A$63,0)))),"-")) -> - | D16: =IF(D$6="","",IFERROR(IF(ISTEXT(INDEX(速览对比!$AA$2:$AA$63,MATCH(D$6,速览对比!$A$2:$A$63,0))),INDEX(速览对比!$AA$2:$AA$63,MATCH(D$6,速览对比!$A$2:$A$63,0)),IF(INDEX(速览对比!$AA$2:$AA$63,MATCH(D$6,速览对比!$A$2:$A$63,0))=0,"",INDEX(速览对比!$AA$2:$AA$63,MATCH(D$6,速览对比!$A$2:$A$63,0)))),"-")) -> 1665 MHz | E16: =IF(E$6="","",IFERROR(IF(ISTEXT(INDEX(速览对比!$AA$2:$AA$63,MATCH(E$6,速览对比!$A$2:$A$63,0))),INDEX(速览对比!$AA$2:$AA$63,MATCH(E$6,速览对比!$A$2:$A$63,0)),IF(INDEX(速览对比!$AA$2:$AA$63,MATCH(E$6,速览对比!$A$2:$A$63,0))=0,"",INDEX(速览对比!$AA$2:$AA$63,MATCH(E$6,速览对比!$A$2:$A$63,0)))),"-")) -> 1590 MHz | F16: =IF(F$6="","",IFERROR(IF(ISTEXT(INDEX(速览对比!$AA$2:$AA$63,MATCH(F$6,速览对比!$A$2:$A$63,0))),INDEX(速览对比!$AA$2:$AA$63,MATCH(F$6,速览对比!$A$2:$A$63,0)),IF(INDEX(速览对比!$AA$2:$AA$63,MATCH(F$6,速览对比!$A$2:$A$63,0))=0,"",INDEX(速览对比!$AA$2:$AA$63,MATCH(F$6,速览对比!$A$2:$A$63,0)))),"-")) -> - | G16: =IF(G$6="","",IFERROR(IF(ISTEXT(INDEX(速览对比!$AA$2:$AA$63,MATCH(G$6,速览对比!$A$2:$A$63,0))),INDEX(速览对比!$AA$2:$AA$63,MATCH(G$6,速览对比!$A$2:$A$63,0)),IF(INDEX(速览对比!$AA$2:$AA$63,MATCH(G$6,速览对比!$A$2:$A$63,0))=0,"",INDEX(速览对比!$AA$2:$AA$63,MATCH(G$6,速览对比!$A$2:$A$63,0)))),"-")) | H16: =IF(H$6="","",IFERROR(IF(ISTEXT(INDEX(速览对比!$AA$2:$AA$63,MATCH(H$6,速览对比!$A$2:$A$63,0))),INDEX(速览对比!$AA$2:$AA$63,MATCH(H$6,速览对比!$A$2:$A$63,0)),IF(INDEX(速览对比!$AA$2:$AA$63,MATCH(H$6,速览对比!$A$2:$A$63,0))=0,"",INDEX(速览对比!$AA$2:$AA$63,MATCH(H$6,速览对比!$A$2:$A$63,0)))),"-"))
B17: =速览对比!$AB$1 -> Boost Clock(s) / 超频频率 | C17: =IF(C$6="","",IFERROR(IF(ISTEXT(INDEX(速览对比!$AB$2:$AB$63,MATCH(C$6,速览对比!$A$2:$A$63,0))),INDEX(速览对比!$AB$2:$AB$63,MATCH(C$6,速览对比!$A$2:$A$63,0)),IF(INDEX(速览对比!$AB$2:$AB$63,MATCH(C$6,速览对比!$A$2:$A$63,0))=0,"",INDEX(速览对比!$AB$2:$AB$63,MATCH(C$6,速览对比!$A$2:$A$63,0)))),"-")) -> - | D17: =IF(D$6="","",IFERROR(IF(ISTEXT(INDEX(速览对比!$AB$2:$AB$63,MATCH(D$6,速览对比!$A$2:$A$63,0))),INDEX(速览对比!$AB$2:$AB$63,MATCH(D$6,速览对比!$A$2:$A$63,0)),IF(INDEX(速览对比!$AB$2:$AB$63,MATCH(D$6,速览对比!$A$2:$A$63,0))=0,"",INDEX(速览对比!$AB$2:$AB$63,MATCH(D$6,速览对比!$A$2:$A$63,0)))),"-")) -> 1837 MHz | E17: =IF(E$6="","",IFERROR(IF(ISTEXT(INDEX(速览对比!$AB$2:$AB$63,MATCH(E$6,速览对比!$A$2:$A$63,0))),INDEX(速览对比!$AB$2:$AB$63,MATCH(E$6,速览对比!$A$2:$A$63,0)),IF(INDEX(速览对比!$AB$2:$AB$63,MATCH(E$6,速览对比!$A$2:$A$63,0))=0,"",INDEX(速览对比!$AB$2:$AB$63,MATCH(E$6,速览对比!$A$2:$A$63,0)))),"-")) -> 1980 MHz | F17: =IF(F$6="","",IFERROR(IF(ISTEXT(INDEX(速览对比!$AB$2:$AB$63,MATCH(F$6,速览对比!$A$2:$A$63,0))),INDEX(速览对比!$AB$2:$AB$63,MATCH(F$6,速览对比!$A$2:$A$63,0)),IF(INDEX(速览对比!$AB$2:$AB$63,MATCH(F$6,速览对比!$A$2:$A$63,0))=0,"",INDEX(速览对比!$AB$2:$AB$63,MATCH(F$6,速览对比!$A$2:$A$63,0)))),"-")) -> - | G17: =IF(G$6="","",IFERROR(IF(ISTEXT(INDEX(速览对比!$AB$2:$AB$63,MATCH(G$6,速览对比!$A$2:$A$63,0))),INDEX(速览对比!$AB$2:$AB$63,MATCH(G$6,速览对比!$A$2:$A$63,0)),IF(INDEX(速览对比!$AB$2:$AB$63,MATCH(G$6,速览对比!$A$2:$A$63,0))=0,"",INDEX(速览对比!$AB$2:$AB$63,MATCH(G$6,速览对比!$A$2:$A$63,0)))),"-")) | H17: =IF(H$6="","",IFERROR(IF(ISTEXT(INDEX(速览对比!$AB$2:$AB$63,MATCH(H$6,速览对比!$A$2:$A$63,0))),INDEX(速览对比!$AB$2:$AB$63,MATCH(H$6,速览对比!$A$2:$A$63,0)),IF(INDEX(速览对比!$AB$2:$AB$63,MATCH(H$6,速览对比!$A$2:$A$63,0))=0,"",INDEX(速览对比!$AB$2:$AB$63,MATCH(H$6,速览对比!$A$2:$A$63,0)))),"-"))
B18: =速览对比!$AC$1 -> Memory Clock / 显存频率 | C18: =IF(C$6="","",IFERROR(IF(ISTEXT(INDEX(速览对比!$AC$2:$AC$63,MATCH(C$6,速览对比!$A$2:$A$63,0))),INDEX(速览对比!$AC$2:$AC$63,MATCH(C$6,速览对比!$A$2:$A$63,0)),IF(INDEX(速览对比!$AC$2:$AC$63,MATCH(C$6,速览对比!$A$2:$A$63,0))=0,"",INDEX(速览对比!$AC$2:$AC$63,MATCH(C$6,速览对比!$A$2:$A$63,0)))),"-")) -> HBM3e | D18: =IF(D$6="","",IFERROR(IF(ISTEXT(INDEX(速览对比!$AC$2:$AC$63,MATCH(D$6,速览对比!$A$2:$A$63,0))),INDEX(速览对比!$AC$2:$AC$63,MATCH(D$6,速览对比!$A$2:$A$63,0)),IF(INDEX(速览对比!$AC$2:$AC$63,MATCH(D$6,速览对比!$A$2:$A$63,0))=0,"",INDEX(速览对比!$AC$2:$AC$63,MATCH(D$6,速览对比!$A$2:$A$63,0)))),"-")) -> 2000 MHz | E18: =IF(E$6="","",IFERROR(IF(ISTEXT(INDEX(速览对比!$AC$2:$AC$63,MATCH(E$6,速览对比!$A$2:$A$63,0))),INDEX(速览对比!$AC$2:$AC$63,MATCH(E$6,速览对比!$A$2:$A$63,0)),IF(INDEX(速览对比!$AC$2:$AC$63,MATCH(E$6,速览对比!$A$2:$A$63,0))=0,"",INDEX(速览对比!$AC$2:$AC$63,MATCH(E$6,速览对比!$A$2:$A$63,0)))),"-")) -> 2.6 GHz HBM3 | F18: =IF(F$6="","",IFERROR(IF(ISTEXT(INDEX(速览对比!$AC$2:$AC$63,MATCH(F$6,速览对比!$A$2:$A$63,0))),INDEX(速览对比!$AC$2:$AC$63,MATCH(F$6,速览对比!$A$2:$A$63,0)),IF(INDEX(速览对比!$AC$2:$AC$63,MATCH(F$6,速览对比!$A$2:$A$63,0))=0,"",INDEX(速览对比!$AC$2:$AC$63,MATCH(F$6,速览对比!$A$2:$A$63,0)))),"-")) -> HBM3e | G18: =IF(G$6="","",IFERROR(IF(ISTEXT(INDEX(速览对比!$AC$2:$AC$63,MATCH(G$6,速览对比!$A$2:$A$63,0))),INDEX(速览对比!$AC$2:$AC$63,MATCH(G$6,速览对比!$A$2:$A$63,0)),IF(INDEX(速览对比!$AC$2:$AC$63,MATCH(G$6,速览对比!$A$2:$A$63,0))=0,"",INDEX(速览对比!$AC$2:$AC$63,MATCH(G$6,速览对比!$A$2:$A$63,0)))),"-")) | H18: =IF(H$6="","",IFERROR(IF(ISTEXT(INDEX(速览对比!$AC$2:$AC$63,MATCH(H$6,速览对比!$A$2:$A$63,0))),INDEX(速览对比!$AC$2:$AC$63,MATCH(H$6,速览对比!$A$2:$A$63,0)),IF(INDEX(速览对比!$AC$2:$AC$63,MATCH(H$6,速览对比!$A$2:$A$63,0))=0,"",INDEX(速览对比!$AC$2:$AC$63,MATCH(H$6,速览对比!$A$2:$A$63,0)))),"-"))
B19: =速览对比!$AD$1 -> Memory Bus Width / 显存位宽 | C19: =IF(C$6="","",IFERROR(IF(ISTEXT(INDEX(速览对比!$AD$2:$AD$63,MATCH(C$6,速览对比!$A$2:$A$63,0))),INDEX(速览对比!$AD$2:$AD$63,MATCH(C$6,速览对比!$A$2:$A$63,0)),IF(INDEX(速览对比!$AD$2:$AD$63,MATCH(C$6,速览对比!$A$2:$A$63,0))=0,"",INDEX(速览对比!$AD$2:$AD$63,MATCH(C$6,速览对比!$A$2:$A$63,0)))),"-")) -> 8192-bit | D19: =IF(D$6="","",IFERROR(IF(ISTEXT(INDEX(速览对比!$AD$2:$AD$63,MATCH(D$6,速览对比!$A$2:$A$63,0))),INDEX(速览对比!$AD$2:$AD$63,MATCH(D$6,速览对比!$A$2:$A$63,0)),IF(INDEX(速览对比!$AD$2:$AD$63,MATCH(D$6,速览对比!$A$2:$A$63,0))=0,"",INDEX(速览对比!$AD$2:$AD$63,MATCH(D$6,速览对比!$A$2:$A$63,0)))),"-")) -> 2*4096bit | E19: =IF(E$6="","",IFERROR(IF(ISTEXT(INDEX(速览对比!$AD$2:$AD$63,MATCH(E$6,速览对比!$A$2:$A$63,0))),INDEX(速览对比!$AD$2:$AD$63,MATCH(E$6,速览对比!$A$2:$A$63,0)),IF(INDEX(速览对比!$AD$2:$AD$63,MATCH(E$6,速览对比!$A$2:$A$63,0))=0,"",INDEX(速览对比!$AD$2:$AD$63,MATCH(E$6,速览对比!$A$2:$A$63,0)))),"-")) -> 5120 bit | F19: =IF(F$6="","",IFERROR(IF(ISTEXT(INDEX(速览对比!$AD$2:$AD$63,MATCH(F$6,速览对比!$A$2:$A$63,0))),INDEX(速览对比!$AD$2:$AD$63,MATCH(F$6,速览对比!$A$2:$A$63,0)),IF(INDEX(速览对比!$AD$2:$AD$63,MATCH(F$6,速览对比!$A$2:$A$63,0))=0,"",INDEX(速览对比!$AD$2:$AD$63,MATCH(F$6,速览对比!$A$2:$A$63,0)))),"-")) -> 8192-bit | G19: =IF(G$6="","",IFERROR(IF(ISTEXT(INDEX(速览对比!$AD$2:$AD$63,MATCH(G$6,速览对比!$A$2:$A$63,0))),INDEX(速览对比!$AD$2:$AD$63,MATCH(G$6,速览对比!$A$2:$A$63,0)),IF(INDEX(速览对比!$AD$2:$AD$63,MATCH(G$6,速览对比!$A$2:$A$63,0))=0,"",INDEX(速览对比!$AD$2:$AD$63,MATCH(G$6,速览对比!$A$2:$A$63,0)))),"-")) | H19: =IF(H$6="","",IFERROR(IF(ISTEXT(INDEX(速览对比!$AD$2:$AD$63,MATCH(H$6,速览对比!$A$2:$A$63,0))),INDEX(速览对比!$AD$2:$AD$63,MATCH(H$6,速览对比!$A$2:$A$63,0)),IF(INDEX(速览对比!$AD$2:$AD$63,MATCH(H$6,速览对比!$A$2:$A$63,0))=0,"",INDEX(速览对比!$AD$2:$AD$63,MATCH(H$6,速览对比!$A$2:$A$63,0)))),"-"))
B20: =速览对比!$AE$1 -> Memory Bandwidth / 显存带宽 | C20: =IF(C$6="","",IFERROR(IF(ISTEXT(INDEX(速览对比!$AE$2:$AE$63,MATCH(C$6,速览对比!$A$2:$A$63,0))),INDEX(速览对比!$AE$2:$AE$63,MATCH(C$6,速览对比!$A$2:$A$63,0)),IF(INDEX(速览对比!$AE$2:$AE$63,MATCH(C$6,速览对比!$A$2:$A$63,0))=0,"",INDEX(速览对比!$AE$2:$AE$63,MATCH(C$6,速览对比!$A$2:$A$63,0)))),"-")) -> 8 TB/s | D20: =IF(D$6="","",IFERROR(IF(ISTEXT(INDEX(速览对比!$AE$2:$AE$63,MATCH(D$6,速览对比!$A$2:$A$63,0))),INDEX(速览对比!$AE$2:$AE$63,MATCH(D$6,速览对比!$A$2:$A$63,0)),IF(INDEX(速览对比!$AE$2:$AE$63,MATCH(D$6,速览对比!$A$2:$A$63,0))=0,"",INDEX(速览对比!$AE$2:$AE$63,MATCH(D$6,速览对比!$A$2:$A$63,0)))),"-")) -> 8 TB/s | E20: =IF(E$6="","",IFERROR(IF(ISTEXT(INDEX(速览对比!$AE$2:$AE$63,MATCH(E$6,速览对比!$A$2:$A$63,0))),INDEX(速览对比!$AE$2:$AE$63,MATCH(E$6,速览对比!$A$2:$A$63,0)),IF(INDEX(速览对比!$AE$2:$AE$63,MATCH(E$6,速览对比!$A$2:$A$63,0))=0,"",INDEX(速览对比!$AE$2:$AE$63,MATCH(E$6,速览对比!$A$2:$A$63,0)))),"-")) -> 3.35TB/s | F20: =IF(F$6="","",IFERROR(IF(ISTEXT(INDEX(速览对比!$AE$2:$AE$63,MATCH(F$6,速览对比!$A$2:$A$63,0))),INDEX(速览对比!$AE$2:$AE$63,MATCH(F$6,速览对比!$A$2:$A$63,0)),IF(INDEX(速览对比!$AE$2:$AE$63,MATCH(F$6,速览对比!$A$2:$A$63,0))=0,"",INDEX(速览对比!$AE$2:$AE$63,MATCH(F$6,速览对比!$A$2:$A$63,0)))),"-")) -> 8 TB/s | G20: =IF(G$6="","",IFERROR(IF(ISTEXT(INDEX(速览对比!$AE$2:$AE$63,MATCH(G$6,速览对比!$A$2:$A$63,0))),INDEX(速览对比!$AE$2:$AE$63,MATCH(G$6,速览对比!$A$2:$A$63,0)),IF(INDEX(速览对比!$AE$2:$AE$63,MATCH(G$6,速览对比!$A$2:$A$63,0))=0,"",INDEX(速览对比!$AE$2:$AE$63,MATCH(G$6,速览对比!$A$2:$A$63,0)))),"-")) | H20: =IF(H$6="","",IFERROR(IF(ISTEXT(INDEX(速览对比!$AE$2:$AE$63,MATCH(H$6,速览对比!$A$2:$A$63,0))),INDEX(速览对比!$AE$2:$AE$63,MATCH(H$6,速览对比!$A$2:$A$63,0)),IF(INDEX(速览对比!$AE$2:$AE$63,MATCH(H$6,速览对比!$A$2:$A$63,0))=0,"",INDEX(速览对比!$AE$2:$AE$63,MATCH(H$6,速览对比!$A$2:$A$63,0)))),"-"))
B21: =速览对比!$AF$1 -> VRAM / 显存 | C21: =IF(C$6="","",IFERROR(IF(ISTEXT(INDEX(速览对比!$AF$2:$AF$63,MATCH(C$6,速览对比!$A$2:$A$63,0))),INDEX(速览对比!$AF$2:$AF$63,MATCH(C$6,速览对比!$A$2:$A$63,0)),IF(INDEX(速览对比!$AF$2:$AF$63,MATCH(C$6,速览对比!$A$2:$A$63,0))=0,"",INDEX(速览对比!$AF$2:$AF$63,MATCH(C$6,速览对比!$A$2:$A$63,0)))),"-")) -> 288 GB HBM3e | D21: =IF(D$6="","",IFERROR(IF(ISTEXT(INDEX(速览对比!$AF$2:$AF$63,MATCH(D$6,速览对比!$A$2:$A$63,0))),INDEX(速览对比!$AF$2:$AF$63,MATCH(D$6,速览对比!$A$2:$A$63,0)),IF(INDEX(速览对比!$AF$2:$AF$63,MATCH(D$6,速览对比!$A$2:$A$63,0))=0,"",INDEX(速览对比!$AF$2:$AF$63,MATCH(D$6,速览对比!$A$2:$A$63,0)))),"-")) -> 2*96GB HBM3e=192GB | E21: =IF(E$6="","",IFERROR(IF(ISTEXT(INDEX(速览对比!$AF$2:$AF$63,MATCH(E$6,速览对比!$A$2:$A$63,0))),INDEX(速览对比!$AF$2:$AF$63,MATCH(E$6,速览对比!$A$2:$A$63,0)),IF(INDEX(速览对比!$AF$2:$AF$63,MATCH(E$6,速览对比!$A$2:$A$63,0))=0,"",INDEX(速览对比!$AF$2:$AF$63,MATCH(E$6,速览对比!$A$2:$A$63,0)))),"-")) -> 80GB | F21: =IF(F$6="","",IFERROR(IF(ISTEXT(INDEX(速览对比!$AF$2:$AF$63,MATCH(F$6,速览对比!$A$2:$A$63,0))),INDEX(速览对比!$AF$2:$AF$63,MATCH(F$6,速览对比!$A$2:$A$63,0)),IF(INDEX(速览对比!$AF$2:$AF$63,MATCH(F$6,速览对比!$A$2:$A$63,0))=0,"",INDEX(速览对比!$AF$2:$AF$63,MATCH(F$6,速览对比!$A$2:$A$63,0)))),"-")) -> 288 GB HBM3e（每GPU） | G21: =IF(G$6="","",IFERROR(IF(ISTEXT(INDEX(速览对比!$AF$2:$AF$63,MATCH(G$6,速览对比!$A$2:$A$63,0))),INDEX(速览对比!$AF$2:$AF$63,MATCH(G$6,速览对比!$A$2:$A$63,0)),IF(INDEX(速览对比!$AF$2:$AF$63,MATCH(G$6,速览对比!$A$2:$A$63,0))=0,"",INDEX(速览对比!$AF$2:$AF$63,MATCH(G$6,速览对比!$A$2:$A$63,0)))),"-")) | H21: =IF(H$6="","",IFERROR(IF(ISTEXT(INDEX(速览对比!$AF$2:$AF$63,MATCH(H$6,速览对比!$A$2:$A$63,0))),INDEX(速览对比!$AF$2:$AF$63,MATCH(H$6,速览对比!$A$2:$A$63,0)),IF(INDEX(速览对比!$AF$2:$AF$63,MATCH(H$6,速览对比!$A$2:$A$63,0))=0,"",INDEX(速览对比!$AF$2:$AF$63,MATCH(H$6,速览对比!$A$2:$A$63,0)))),"-"))
B22: =速览对比!$AG$1 -> FP16 Computing (non-Tensor) / 半精性能 non-Tensor | C22: =IF(C$6="","",IFERROR(IF(ISTEXT(INDEX(速览对比!$AG$2:$AG$63,MATCH(C$6,速览对比!$A$2:$A$63,0))),INDEX(速览对比!$AG$2:$AG$63,MATCH(C$6,速览对比!$A$2:$A$63,0)),IF(INDEX(速览对比!$AG$2:$AG$63,MATCH(C$6,速览对比!$A$2:$A$63,0))=0,"",INDEX(速览对比!$AG$2:$AG$63,MATCH(C$6,速览对比!$A$2:$A$63,0)))),"-")) -> ≈150 TFLOPS | D22: =IF(D$6="","",IFERROR(IF(ISTEXT(INDEX(速览对比!$AG$2:$AG$63,MATCH(D$6,速览对比!$A$2:$A$63,0))),INDEX(速览对比!$AG$2:$AG$63,MATCH(D$6,速览对比!$A$2:$A$63,0)),IF(INDEX(速览对比!$AG$2:$AG$63,MATCH(D$6,速览对比!$A$2:$A$63,0))=0,"",INDEX(速览对比!$AG$2:$AG$63,MATCH(D$6,速览对比!$A$2:$A$63,0)))),"-")) -> ≈150 TFLOPS | E22: =IF(E$6="","",IFERROR(IF(ISTEXT(INDEX(速览对比!$AG$2:$AG$63,MATCH(E$6,速览对比!$A$2:$A$63,0))),INDEX(速览对比!$AG$2:$AG$63,MATCH(E$6,速览对比!$A$2:$A$63,0)),IF(INDEX(速览对比!$AG$2:$AG$63,MATCH(E$6,速览对比!$A$2:$A$63,0))=0,"",INDEX(速览对比!$AG$2:$AG$63,MATCH(E$6,速览对比!$A$2:$A$63,0)))),"-")) -> 267.6 TFLOPS | F22: =IF(F$6="","",IFERROR(IF(ISTEXT(INDEX(速览对比!$AG$2:$AG$63,MATCH(F$6,速览对比!$A$2:$A$63,0))),INDEX(速览对比!$AG$2:$AG$63,MATCH(F$6,速览对比!$A$2:$A$63,0)),IF(INDEX(速览对比!$AG$2:$AG$63,MATCH(F$6,速览对比!$A$2:$A$63,0))=0,"",INDEX(速览对比!$AG$2:$AG$63,MATCH(F$6,速览对比!$A$2:$A$63,0)))),"-")) -> ≈166 TFLOPS | G22: =IF(G$6="","",IFERROR(IF(ISTEXT(INDEX(速览对比!$AG$2:$AG$63,MATCH(G$6,速览对比!$A$2:$A$63,0))),INDEX(速览对比!$AG$2:$AG$63,MATCH(G$6,速览对比!$A$2:$A$63,0)),IF(INDEX(速览对比!$AG$2:$AG$63,MATCH(G$6,速览对比!$A$2:$A$63,0))=0,"",INDEX(速览对比!$AG$2:$AG$63,MATCH(G$6,速览对比!$A$2:$A$63,0)))),"-")) | H22: =IF(H$6="","",IFERROR(IF(ISTEXT(INDEX(速览对比!$AG$2:$AG$63,MATCH(H$6,速览对比!$A$2:$A$63,0))),INDEX(速览对比!$AG$2:$AG$63,MATCH(H$6,速览对比!$A$2:$A$63,0)),IF(INDEX(速览对比!$AG$2:$AG$63,MATCH(H$6,速览对比!$A$2:$A$63,0))=0,"",INDEX(速览对比!$AG$2:$AG$63,MATCH(H$6,速览对比!$A$2:$A$63,0)))),"-"))
B23: =速览对比!$AH$1 -> FP16 Tensor Computing/ 半精 Tensor性能 | C23: =IF(C$6="","",IFERROR(IF(ISTEXT(INDEX(速览对比!$AH$2:$AH$63,MATCH(C$6,速览对比!$A$2:$A$63,0))),INDEX(速览对比!$AH$2:$AH$63,MATCH(C$6,速览对比!$A$2:$A$63,0)),IF(INDEX(速览对比!$AH$2:$AH$63,MATCH(C$6,速览对比!$A$2:$A$63,0))=0,"",INDEX(速览对比!$AH$2:$AH$63,MATCH(C$6,速览对比!$A$2:$A$63,0)))),"-")) -> 2,250 | 4,500 TFLOPS² | D23: =IF(D$6="","",IFERROR(IF(ISTEXT(INDEX(速览对比!$AH$2:$AH$63,MATCH(D$6,速览对比!$A$2:$A$63,0))),INDEX(速览对比!$AH$2:$AH$63,MATCH(D$6,速览对比!$A$2:$A$63,0)),IF(INDEX(速览对比!$AH$2:$AH$63,MATCH(D$6,速览对比!$A$2:$A$63,0))=0,"",INDEX(速览对比!$AH$2:$AH$63,MATCH(D$6,速览对比!$A$2:$A$63,0)))),"-")) -> 2,250 | 4,500 TFLOPS² | E23: =IF(E$6="","",IFERROR(IF(ISTEXT(INDEX(速览对比!$AH$2:$AH$63,MATCH(E$6,速览对比!$A$2:$A$63,0))),INDEX(速览对比!$AH$2:$AH$63,MATCH(E$6,速览对比!$A$2:$A$63,0)),IF(INDEX(速览对比!$AH$2:$AH$63,MATCH(E$6,速览对比!$A$2:$A$63,0))=0,"",INDEX(速览对比!$AH$2:$AH$63,MATCH(E$6,速览对比!$A$2:$A$63,0)))),"-")) -> 989 | 1,979 TFLOPS² | F23: =IF(F$6="","",IFERROR(IF(ISTEXT(INDEX(速览对比!$AH$2:$AH$63,MATCH(F$6,速览对比!$A$2:$A$63,0))),INDEX(速览对比!$AH$2:$AH$63,MATCH(F$6,速览对比!$A$2:$A$63,0)),IF(INDEX(速览对比!$AH$2:$AH$63,MATCH(F$6,速览对比!$A$2:$A$63,0))=0,"",INDEX(速览对比!$AH$2:$AH$63,MATCH(F$6,速览对比!$A$2:$A$63,0)))),"-")) -> ≈2,500 | ≈5,000 TFLOPS² | G23: =IF(G$6="","",IFERROR(IF(ISTEXT(INDEX(速览对比!$AH$2:$AH$63,MATCH(G$6,速览对比!$A$2:$A$63,0))),INDEX(速览对比!$AH$2:$AH$63,MATCH(G$6,速览对比!$A$2:$A$63,0)),IF(INDEX(速览对比!$AH$2:$AH$63,MATCH(G$6,速览对比!$A$2:$A$63,0))=0,"",INDEX(速览对比!$AH$2:$AH$63,MATCH(G$6,速览对比!$A$2:$A$63,0)))),"-")) | H23: =IF(H$6="","",IFERROR(IF(ISTEXT(INDEX(速览对比!$AH$2:$AH$63,MATCH(H$6,速览对比!$A$2:$A$63,0))),INDEX(速览对比!$AH$2:$AH$63,MATCH(H$6,速览对比!$A$2:$A$63,0)),IF(INDEX(速览对比!$AH$2:$AH$63,MATCH(H$6,速览对比!$A$2:$A$63,0))=0,"",INDEX(速览对比!$AH$2:$AH$63,MATCH(H$6,速览对比!$A$2:$A$63,0)))),"-"))
B24: =速览对比!$AI$1 -> FP32 Computing (non-Tensor) / 单精性能 non-Tensor | C24: =IF(C$6="","",IFERROR(IF(ISTEXT(INDEX(速览对比!$AI$2:$AI$63,MATCH(C$6,速览对比!$A$2:$A$63,0))),INDEX(速览对比!$AI$2:$AI$63,MATCH(C$6,速览对比!$A$2:$A$63,0)),IF(INDEX(速览对比!$AI$2:$AI$63,MATCH(C$6,速览对比!$A$2:$A$63,0))=0,"",INDEX(速览对比!$AI$2:$AI$63,MATCH(C$6,速览对比!$A$2:$A$63,0)))),"-")) -> 75 TFLOPS | D24: =IF(D$6="","",IFERROR(IF(ISTEXT(INDEX(速览对比!$AI$2:$AI$63,MATCH(D$6,速览对比!$A$2:$A$63,0))),INDEX(速览对比!$AI$2:$AI$63,MATCH(D$6,速览对比!$A$2:$A$63,0)),IF(INDEX(速览对比!$AI$2:$AI$63,MATCH(D$6,速览对比!$A$2:$A$63,0))=0,"",INDEX(速览对比!$AI$2:$AI$63,MATCH(D$6,速览对比!$A$2:$A$63,0)))),"-")) -> 75 TFLOPS | E24: =IF(E$6="","",IFERROR(IF(ISTEXT(INDEX(速览对比!$AI$2:$AI$63,MATCH(E$6,速览对比!$A$2:$A$63,0))),INDEX(速览对比!$AI$2:$AI$63,MATCH(E$6,速览对比!$A$2:$A$63,0)),IF(INDEX(速览对比!$AI$2:$AI$63,MATCH(E$6,速览对比!$A$2:$A$63,0))=0,"",INDEX(速览对比!$AI$2:$AI$63,MATCH(E$6,速览对比!$A$2:$A$63,0)))),"-")) -> 67 TFLOPS | F24: =IF(F$6="","",IFERROR(IF(ISTEXT(INDEX(速览对比!$AI$2:$AI$63,MATCH(F$6,速览对比!$A$2:$A$63,0))),INDEX(速览对比!$AI$2:$AI$63,MATCH(F$6,速览对比!$A$2:$A$63,0)),IF(INDEX(速览对比!$AI$2:$AI$63,MATCH(F$6,速览对比!$A$2:$A$63,0))=0,"",INDEX(速览对比!$AI$2:$AI$63,MATCH(F$6,速览对比!$A$2:$A$63,0)))),"-")) -> ≈83 TFLOPS | G24: =IF(G$6="","",IFERROR(IF(ISTEXT(INDEX(速览对比!$AI$2:$AI$63,MATCH(G$6,速览对比!$A$2:$A$63,0))),INDEX(速览对比!$AI$2:$AI$63,MATCH(G$6,速览对比!$A$2:$A$63,0)),IF(INDEX(速览对比!$AI$2:$AI$63,MATCH(G$6,速览对比!$A$2:$A$63,0))=0,"",INDEX(速览对比!$AI$2:$AI$63,MATCH(G$6,速览对比!$A$2:$A$63,0)))),"-")) | H24: =IF(H$6="","",IFERROR(IF(ISTEXT(INDEX(速览对比!$AI$2:$AI$63,MATCH(H$6,速览对比!$A$2:$A$63,0))),INDEX(速览对比!$AI$2:$AI$63,MATCH(H$6,速览对比!$A$2:$A$63,0)),IF(INDEX(速览对比!$AI$2:$AI$63,MATCH(H$6,速览对比!$A$2:$A$63,0))=0,"",INDEX(速览对比!$AI$2:$AI$63,MATCH(H$6,速览对比!$A$2:$A$63,0)))),"-"))
B25: =速览对比!$AJ$1 -> TF32 Tensor Computing / TF32 Tensor性能 | C25: =IF(C$6="","",IFERROR(IF(ISTEXT(INDEX(速览对比!$AJ$2:$AJ$63,MATCH(C$6,速览对比!$A$2:$A$63,0))),INDEX(速览对比!$AJ$2:$AJ$63,MATCH(C$6,速览对比!$A$2:$A$63,0)),IF(INDEX(速览对比!$AJ$2:$AJ$63,MATCH(C$6,速览对比!$A$2:$A$63,0))=0,"",INDEX(速览对比!$AJ$2:$AJ$63,MATCH(C$6,速览对比!$A$2:$A$63,0)))),"-")) -> 1,125 | 2,250 TFLOPS² | D25: =IF(D$6="","",IFERROR(IF(ISTEXT(INDEX(速览对比!$AJ$2:$AJ$63,MATCH(D$6,速览对比!$A$2:$A$63,0))),INDEX(速览对比!$AJ$2:$AJ$63,MATCH(D$6,速览对比!$A$2:$A$63,0)),IF(INDEX(速览对比!$AJ$2:$AJ$63,MATCH(D$6,速览对比!$A$2:$A$63,0))=0,"",INDEX(速览对比!$AJ$2:$AJ$63,MATCH(D$6,速览对比!$A$2:$A$63,0)))),"-")) -> 1,125 | 2,250 TFLOPS² | E25: =IF(E$6="","",IFERROR(IF(ISTEXT(INDEX(速览对比!$AJ$2:$AJ$63,MATCH(E$6,速览对比!$A$2:$A$63,0))),INDEX(速览对比!$AJ$2:$AJ$63,MATCH(E$6,速览对比!$A$2:$A$63,0)),IF(INDEX(速览对比!$AJ$2:$AJ$63,MATCH(E$6,速览对比!$A$2:$A$63,0))=0,"",INDEX(速览对比!$AJ$2:$AJ$63,MATCH(E$6,速览对比!$A$2:$A$63,0)))),"-")) -> 494 | 989 TFLOPS² | F25: =IF(F$6="","",IFERROR(IF(ISTEXT(INDEX(速览对比!$AJ$2:$AJ$63,MATCH(F$6,速览对比!$A$2:$A$63,0))),INDEX(速览对比!$AJ$2:$AJ$63,MATCH(F$6,速览对比!$A$2:$A$63,0)),IF(INDEX(速览对比!$AJ$2:$AJ$63,MATCH(F$6,速览对比!$A$2:$A$63,0))=0,"",INDEX(速览对比!$AJ$2:$AJ$63,MATCH(F$6,速览对比!$A$2:$A$63,0)))),"-")) -> ≈1,250 | ≈2,500 TFLOPS² | G25: =IF(G$6="","",IFERROR(IF(ISTEXT(INDEX(速览对比!$AJ$2:$AJ$63,MATCH(G$6,速览对比!$A$2:$A$63,0))),INDEX(速览对比!$AJ$2:$AJ$63,MATCH(G$6,速览对比!$A$2:$A$63,0)),IF(INDEX(速览对比!$AJ$2:$AJ$63,MATCH(G$6,速览对比!$A$2:$A$63,0))=0,"",INDEX(速览对比!$AJ$2:$AJ$63,MATCH(G$6,速览对比!$A$2:$A$63,0)))),"-")) | H25: =IF(H$6="","",IFERROR(IF(ISTEXT(INDEX(速览对比!$AJ$2:$AJ$63,MATCH(H$6,速览对比!$A$2:$A$63,0))),INDEX(速览对比!$AJ$2:$AJ$63,MATCH(H$6,速览对比!$A$2:$A$63,0)),IF(INDEX(速览对比!$AJ$2:$AJ$63,MATCH(H$6,速览对比!$A$2:$A$63,0))=0,"",INDEX(速览对比!$AJ$2:$AJ$63,MATCH(H$6,速览对比!$A$2:$A$63,0)))),"-"))
B26: =速览对比!$AK$1 -> FP64 Computing (non-Tensor) / 双精性能 non-Tensor | C26: =IF(C$6="","",IFERROR(IF(ISTEXT(INDEX(速览对比!$AK$2:$AK$63,MATCH(C$6,速览对比!$A$2:$A$63,0))),INDEX(速览对比!$AK$2:$AK$63,MATCH(C$6,速览对比!$A$2:$A$63,0)),IF(INDEX(速览对比!$AK$2:$AK$63,MATCH(C$6,速览对比!$A$2:$A$63,0))=0,"",INDEX(速览对比!$AK$2:$AK$63,MATCH(C$6,速览对比!$A$2:$A$63,0)))),"-")) -> ≈1.25 TFLOPS | D26: =IF(D$6="","",IFERROR(IF(ISTEXT(INDEX(速览对比!$AK$2:$AK$63,MATCH(D$6,速览对比!$A$2:$A$63,0))),INDEX(速览对比!$AK$2:$AK$63,MATCH(D$6,速览对比!$A$2:$A$63,0)),IF(INDEX(速览对比!$AK$2:$AK$63,MATCH(D$6,速览对比!$A$2:$A$63,0))=0,"",INDEX(速览对比!$AK$2:$AK$63,MATCH(D$6,速览对比!$A$2:$A$63,0)))),"-")) -> 37 TFLOPS | E26: =IF(E$6="","",IFERROR(IF(ISTEXT(INDEX(速览对比!$AK$2:$AK$63,MATCH(E$6,速览对比!$A$2:$A$63,0))),INDEX(速览对比!$AK$2:$AK$63,MATCH(E$6,速览对比!$A$2:$A$63,0)),IF(INDEX(速览对比!$AK$2:$AK$63,MATCH(E$6,速览对比!$A$2:$A$63,0))=0,"",INDEX(速览对比!$AK$2:$AK$63,MATCH(E$6,速览对比!$A$2:$A$63,0)))),"-")) -> 34 TFLOPS | F26: =IF(F$6="","",IFERROR(IF(ISTEXT(INDEX(速览对比!$AK$2:$AK$63,MATCH(F$6,速览对比!$A$2:$A$63,0))),INDEX(速览对比!$AK$2:$AK$63,MATCH(F$6,速览对比!$A$2:$A$63,0)),IF(INDEX(速览对比!$AK$2:$AK$63,MATCH(F$6,速览对比!$A$2:$A$63,0))=0,"",INDEX(速览对比!$AK$2:$AK$63,MATCH(F$6,速览对比!$A$2:$A$63,0)))),"-")) -> ≈1.4 TFLOPS | G26: =IF(G$6="","",IFERROR(IF(ISTEXT(INDEX(速览对比!$AK$2:$AK$63,MATCH(G$6,速览对比!$A$2:$A$63,0))),INDEX(速览对比!$AK$2:$AK$63,MATCH(G$6,速览对比!$A$2:$A$63,0)),IF(INDEX(速览对比!$AK$2:$AK$63,MATCH(G$6,速览对比!$A$2:$A$63,0))=0,"",INDEX(速览对比!$AK$2:$AK$63,MATCH(G$6,速览对比!$A$2:$A$63,0)))),"-")) | H26: =IF(H$6="","",IFERROR(IF(ISTEXT(INDEX(速览对比!$AK$2:$AK$63,MATCH(H$6,速览对比!$A$2:$A$63,0))),INDEX(速览对比!$AK$2:$AK$63,MATCH(H$6,速览对比!$A$2:$A$63,0)),IF(INDEX(速览对比!$AK$2:$AK$63,MATCH(H$6,速览对比!$A$2:$A$63,0))=0,"",INDEX(速览对比!$AK$2:$AK$63,MATCH(H$6,速览对比!$A$2:$A$63,0)))),"-"))
B27: =速览对比!$AL$1 -> FP64 Tensor Computing / FP64 Tensor性能 | C27: =IF(C$6="","",IFERROR(IF(ISTEXT(INDEX(速览对比!$AL$2:$AL$63,MATCH(C$6,速览对比!$A$2:$A$63,0))),INDEX(速览对比!$AL$2:$AL$63,MATCH(C$6,速览对比!$A$2:$A$63,0)),IF(INDEX(速览对比!$AL$2:$AL$63,MATCH(C$6,速览对比!$A$2:$A$63,0))=0,"",INDEX(速览对比!$AL$2:$AL$63,MATCH(C$6,速览对比!$A$2:$A$63,0)))),"-")) -> ≈1.25 TFLOPS | D27: =IF(D$6="","",IFERROR(IF(ISTEXT(INDEX(速览对比!$AL$2:$AL$63,MATCH(D$6,速览对比!$A$2:$A$63,0))),INDEX(速览对比!$AL$2:$AL$63,MATCH(D$6,速览对比!$A$2:$A$63,0)),IF(INDEX(速览对比!$AL$2:$AL$63,MATCH(D$6,速览对比!$A$2:$A$63,0))=0,"",INDEX(速览对比!$AL$2:$AL$63,MATCH(D$6,速览对比!$A$2:$A$63,0)))),"-")) -> 37 TFLOPS | E27: =IF(E$6="","",IFERROR(IF(ISTEXT(INDEX(速览对比!$AL$2:$AL$63,MATCH(E$6,速览对比!$A$2:$A$63,0))),INDEX(速览对比!$AL$2:$AL$63,MATCH(E$6,速览对比!$A$2:$A$63,0)),IF(INDEX(速览对比!$AL$2:$AL$63,MATCH(E$6,速览对比!$A$2:$A$63,0))=0,"",INDEX(速览对比!$AL$2:$AL$63,MATCH(E$6,速览对比!$A$2:$A$63,0)))),"-")) -> 67 TFLOPS | F27: =IF(F$6="","",IFERROR(IF(ISTEXT(INDEX(速览对比!$AL$2:$AL$63,MATCH(F$6,速览对比!$A$2:$A$63,0))),INDEX(速览对比!$AL$2:$AL$63,MATCH(F$6,速览对比!$A$2:$A$63,0)),IF(INDEX(速览对比!$AL$2:$AL$63,MATCH(F$6,速览对比!$A$2:$A$63,0))=0,"",INDEX(速览对比!$AL$2:$AL$63,MATCH(F$6,速览对比!$A$2:$A$63,0)))),"-")) -> ≈1.4 TFLOPS | G27: =IF(G$6="","",IFERROR(IF(ISTEXT(INDEX(速览对比!$AL$2:$AL$63,MATCH(G$6,速览对比!$A$2:$A$63,0))),INDEX(速览对比!$AL$2:$AL$63,MATCH(G$6,速览对比!$A$2:$A$63,0)),IF(INDEX(速览对比!$AL$2:$AL$63,MATCH(G$6,速览对比!$A$2:$A$63,0))=0,"",INDEX(速览对比!$AL$2:$AL$63,MATCH(G$6,速览对比!$A$2:$A$63,0)))),"-")) | H27: =IF(H$6="","",IFERROR(IF(ISTEXT(INDEX(速览对比!$AL$2:$AL$63,MATCH(H$6,速览对比!$A$2:$A$63,0))),INDEX(速览对比!$AL$2:$AL$63,MATCH(H$6,速览对比!$A$2:$A$63,0)),IF(INDEX(速览对比!$AL$2:$AL$63,MATCH(H$6,速览对比!$A$2:$A$63,0))=0,"",INDEX(速览对比!$AL$2:$AL$63,MATCH(H$6,速览对比!$A$2:$A$63,0)))),"-"))
B28: =速览对比!$AM$1 -> INT8 Computing / INT8 性能 | C28: =IF(C$6="","",IFERROR(IF(ISTEXT(INDEX(速览对比!$AM$2:$AM$63,MATCH(C$6,速览对比!$A$2:$A$63,0))),INDEX(速览对比!$AM$2:$AM$63,MATCH(C$6,速览对比!$A$2:$A$63,0)),IF(INDEX(速览对比!$AM$2:$AM$63,MATCH(C$6,速览对比!$A$2:$A$63,0))=0,"",INDEX(速览对比!$AM$2:$AM$63,MATCH(C$6,速览对比!$A$2:$A$63,0)))),"-")) -> ≈187 | ≈375 TOPS² | D28: =IF(D$6="","",IFERROR(IF(ISTEXT(INDEX(速览对比!$AM$2:$AM$63,MATCH(D$6,速览对比!$A$2:$A$63,0))),INDEX(速览对比!$AM$2:$AM$63,MATCH(D$6,速览对比!$A$2:$A$63,0)),IF(INDEX(速览对比!$AM$2:$AM$63,MATCH(D$6,速览对比!$A$2:$A$63,0))=0,"",INDEX(速览对比!$AM$2:$AM$63,MATCH(D$6,速览对比!$A$2:$A$63,0)))),"-")) -> 4,500 | 9,000 TOPS² | E28: =IF(E$6="","",IFERROR(IF(ISTEXT(INDEX(速览对比!$AM$2:$AM$63,MATCH(E$6,速览对比!$A$2:$A$63,0))),INDEX(速览对比!$AM$2:$AM$63,MATCH(E$6,速览对比!$A$2:$A$63,0)),IF(INDEX(速览对比!$AM$2:$AM$63,MATCH(E$6,速览对比!$A$2:$A$63,0))=0,"",INDEX(速览对比!$AM$2:$AM$63,MATCH(E$6,速览对比!$A$2:$A$63,0)))),"-")) -> 1,979 | 3,958 TOPS² | F28: =IF(F$6="","",IFERROR(IF(ISTEXT(INDEX(速览对比!$AM$2:$AM$63,MATCH(F$6,速览对比!$A$2:$A$63,0))),INDEX(速览对比!$AM$2:$AM$63,MATCH(F$6,速览对比!$A$2:$A$63,0)),IF(INDEX(速览对比!$AM$2:$AM$63,MATCH(F$6,速览对比!$A$2:$A$63,0))=0,"",INDEX(速览对比!$AM$2:$AM$63,MATCH(F$6,速览对比!$A$2:$A$63,0)))),"-")) -> ≈187 | ≈375 TOPS² | G28: =IF(G$6="","",IFERROR(IF(ISTEXT(INDEX(速览对比!$AM$2:$AM$63,MATCH(G$6,速览对比!$A$2:$A$63,0))),INDEX(速览对比!$AM$2:$AM$63,MATCH(G$6,速览对比!$A$2:$A$63,0)),IF(INDEX(速览对比!$AM$2:$AM$63,MATCH(G$6,速览对比!$A$2:$A$63,0))=0,"",INDEX(速览对比!$AM$2:$AM$63,MATCH(G$6,速览对比!$A$2:$A$63,0)))),"-")) | H28: =IF(H$6="","",IFERROR(IF(ISTEXT(INDEX(速览对比!$AM$2:$AM$63,MATCH(H$6,速览对比!$A$2:$A$63,0))),INDEX(速览对比!$AM$2:$AM$63,MATCH(H$6,速览对比!$A$2:$A$63,0)),IF(INDEX(速览对比!$AM$2:$AM$63,MATCH(H$6,速览对比!$A$2:$A$63,0))=0,"",INDEX(速览对比!$AM$2:$AM$63,MATCH(H$6,速览对比!$A$2:$A$63,0)))),"-"))
B29: =速览对比!$AN$1 -> INT4 Computing / INT4 性能 | C29: =IF(C$6="","",IFERROR(IF(ISTEXT(INDEX(速览对比!$AN$2:$AN$63,MATCH(C$6,速览对比!$A$2:$A$63,0))),INDEX(速览对比!$AN$2:$AN$63,MATCH(C$6,速览对比!$A$2:$A$63,0)),IF(INDEX(速览对比!$AN$2:$AN$63,MATCH(C$6,速览对比!$A$2:$A$63,0))=0,"",INDEX(速览对比!$AN$2:$AN$63,MATCH(C$6,速览对比!$A$2:$A$63,0)))),"-")) -> FP4：13.5 | 18 PFLOPS² | D29: =IF(D$6="","",IFERROR(IF(ISTEXT(INDEX(速览对比!$AN$2:$AN$63,MATCH(D$6,速览对比!$A$2:$A$63,0))),INDEX(速览对比!$AN$2:$AN$63,MATCH(D$6,速览对比!$A$2:$A$63,0)),IF(INDEX(速览对比!$AN$2:$AN$63,MATCH(D$6,速览对比!$A$2:$A$63,0))=0,"",INDEX(速览对比!$AN$2:$AN$63,MATCH(D$6,速览对比!$A$2:$A$63,0)))),"-")) -> FP4：9 | 18 PFLOPS² | E29: =IF(E$6="","",IFERROR(IF(ISTEXT(INDEX(速览对比!$AN$2:$AN$63,MATCH(E$6,速览对比!$A$2:$A$63,0))),INDEX(速览对比!$AN$2:$AN$63,MATCH(E$6,速览对比!$A$2:$A$63,0)),IF(INDEX(速览对比!$AN$2:$AN$63,MATCH(E$6,速览对比!$A$2:$A$63,0))=0,"",INDEX(速览对比!$AN$2:$AN$63,MATCH(E$6,速览对比!$A$2:$A$63,0)))),"-")) -> FP8：1,979 | 3,958 TFLOPS² | F29: =IF(F$6="","",IFERROR(IF(ISTEXT(INDEX(速览对比!$AN$2:$AN$63,MATCH(F$6,速览对比!$A$2:$A$63,0))),INDEX(速览对比!$AN$2:$AN$63,MATCH(F$6,速览对比!$A$2:$A$63,0)),IF(INDEX(速览对比!$AN$2:$AN$63,MATCH(F$6,速览对比!$A$2:$A$63,0))=0,"",INDEX(速览对比!$AN$2:$AN$63,MATCH(F$6,速览对比!$A$2:$A$63,0)))),"-")) -> FP4：≈15 | ≈20 PFLOPS² | G29: =IF(G$6="","",IFERROR(IF(ISTEXT(INDEX(速览对比!$AN$2:$AN$63,MATCH(G$6,速览对比!$A$2:$A$63,0))),INDEX(速览对比!$AN$2:$AN$63,MATCH(G$6,速览对比!$A$2:$A$63,0)),IF(INDEX(速览对比!$AN$2:$AN$63,MATCH(G$6,速览对比!$A$2:$A$63,0))=0,"",INDEX(速览对比!$AN$2:$AN$63,MATCH(G$6,速览对比!$A$2:$A$63,0)))),"-")) | H29: =IF(H$6="","",IFERROR(IF(ISTEXT(INDEX(速览对比!$AN$2:$AN$63,MATCH(H$6,速览对比!$A$2:$A$63,0))),INDEX(速览对比!$AN$2:$AN$63,MATCH(H$6,速览对比!$A$2:$A$63,0)),IF(INDEX(速览对比!$AN$2:$AN$63,MATCH(H$6,速览对比!$A$2:$A$63,0))=0,"",INDEX(速览对比!$AN$2:$AN$63,MATCH(H$6,速览对比!$A$2:$A$63,0)))),"-"))
B30: =速览对比!$AO$1 -> Interconnect Bandwidth / GPU-GPU带宽 | C30: =IF(C$6="","",IFERROR(IF(ISTEXT(INDEX(速览对比!$AO$2:$AO$63,MATCH(C$6,速览对比!$A$2:$A$63,0))),INDEX(速览对比!$AO$2:$AO$63,MATCH(C$6,速览对比!$A$2:$A$63,0)),IF(INDEX(速览对比!$AO$2:$AO$63,MATCH(C$6,速览对比!$A$2:$A$63,0))=0,"",INDEX(速览对比!$AO$2:$AO$63,MATCH(C$6,速览对比!$A$2:$A$63,0)))),"-")) -> NVLink 5: 1.8 TB/s PCIe Gen6: 256 GB/s | D30: =IF(D$6="","",IFERROR(IF(ISTEXT(INDEX(速览对比!$AO$2:$AO$63,MATCH(D$6,速览对比!$A$2:$A$63,0))),INDEX(速览对比!$AO$2:$AO$63,MATCH(D$6,速览对比!$A$2:$A$63,0)),IF(INDEX(速览对比!$AO$2:$AO$63,MATCH(D$6,速览对比!$A$2:$A$63,0))=0,"",INDEX(速览对比!$AO$2:$AO$63,MATCH(D$6,速览对比!$A$2:$A$63,0)))),"-")) -> PCIe Gen6 :256 GB/s NVLink: 1800GB/s | E30: =IF(E$6="","",IFERROR(IF(ISTEXT(INDEX(速览对比!$AO$2:$AO$63,MATCH(E$6,速览对比!$A$2:$A$63,0))),INDEX(速览对比!$AO$2:$AO$63,MATCH(E$6,速览对比!$A$2:$A$63,0)),IF(INDEX(速览对比!$AO$2:$AO$63,MATCH(E$6,速览对比!$A$2:$A$63,0))=0,"",INDEX(速览对比!$AO$2:$AO$63,MATCH(E$6,速览对比!$A$2:$A$63,0)))),"-")) -> NVLink ：900GB/s | F30: =IF(F$6="","",IFERROR(IF(ISTEXT(INDEX(速览对比!$AO$2:$AO$63,MATCH(F$6,速览对比!$A$2:$A$63,0))),INDEX(速览对比!$AO$2:$AO$63,MATCH(F$6,速览对比!$A$2:$A$63,0)),IF(INDEX(速览对比!$AO$2:$AO$63,MATCH(F$6,速览对比!$A$2:$A$63,0))=0,"",INDEX(速览对比!$AO$2:$AO$63,MATCH(F$6,速览对比!$A$2:$A$63,0)))),"-")) -> NVLink 5: 1.8 TB/s（每GPU） NVLink-C2C: 900 GB/s（GPU↔Grace CPU） | G30: =IF(G$6="","",IFERROR(IF(ISTEXT(INDEX(速览对比!$AO$2:$AO$63,MATCH(G$6,速览对比!$A$2:$A$63,0))),INDEX(速览对比!$AO$2:$AO$63,MATCH(G$6,速览对比!$A$2:$A$63,0)),IF(INDEX(速览对比!$AO$2:$AO$63,MATCH(G$6,速览对比!$A$2:$A$63,0))=0,"",INDEX(速览对比!$AO$2:$AO$63,MATCH(G$6,速览对比!$A$2:$A$63,0)))),"-")) | H30: =IF(H$6="","",IFERROR(IF(ISTEXT(INDEX(速览对比!$AO$2:$AO$63,MATCH(H$6,速览对比!$A$2:$A$63,0))),INDEX(速览对比!$AO$2:$AO$63,MATCH(H$6,速览对比!$A$2:$A$63,0)),IF(INDEX(速览对比!$AO$2:$AO$63,MATCH(H$6,速览对比!$A$2:$A$63,0))=0,"",INDEX(速览对比!$AO$2:$AO$63,MATCH(H$6,速览对比!$A$2:$A$63,0)))),"-"))
B31: =速览对比!$AP$1 -> Transistor Count / 晶体管数量 | C31: =IF(C$6="","",IFERROR(IF(ISTEXT(INDEX(速览对比!$AP$2:$AP$63,MATCH(C$6,速览对比!$A$2:$A$63,0))),INDEX(速览对比!$AP$2:$AP$63,MATCH(C$6,速览对比!$A$2:$A$63,0)),IF(INDEX(速览对比!$AP$2:$AP$63,MATCH(C$6,速览对比!$A$2:$A$63,0))=0,"",INDEX(速览对比!$AP$2:$AP$63,MATCH(C$6,速览对比!$A$2:$A$63,0)))),"-")) -> 4NP 2080亿 | D31: =IF(D$6="","",IFERROR(IF(ISTEXT(INDEX(速览对比!$AP$2:$AP$63,MATCH(D$6,速览对比!$A$2:$A$63,0))),INDEX(速览对比!$AP$2:$AP$63,MATCH(D$6,速览对比!$A$2:$A$63,0)),IF(INDEX(速览对比!$AP$2:$AP$63,MATCH(D$6,速览对比!$A$2:$A$63,0))=0,"",INDEX(速览对比!$AP$2:$AP$63,MATCH(D$6,速览对比!$A$2:$A$63,0)))),"-")) -> 4NP 2080亿 | E31: =IF(E$6="","",IFERROR(IF(ISTEXT(INDEX(速览对比!$AP$2:$AP$63,MATCH(E$6,速览对比!$A$2:$A$63,0))),INDEX(速览对比!$AP$2:$AP$63,MATCH(E$6,速览对比!$A$2:$A$63,0)),IF(INDEX(速览对比!$AP$2:$AP$63,MATCH(E$6,速览对比!$A$2:$A$63,0))=0,"",INDEX(速览对比!$AP$2:$AP$63,MATCH(E$6,速览对比!$A$2:$A$63,0)))),"-")) -> 4 nm 80,000 million | F31: =IF(F$6="","",IFERROR(IF(ISTEXT(INDEX(速览对比!$AP$2:$AP$63,MATCH(F$6,速览对比!$A$2:$A$63,0))),INDEX(速览对比!$AP$2:$AP$63,MATCH(F$6,速览对比!$A$2:$A$63,0)),IF(INDEX(速览对比!$AP$2:$AP$63,MATCH(F$6,速览对比!$A$2:$A$63,0))=0,"",INDEX(速览对比!$AP$2:$AP$63,MATCH(F$6,速览对比!$A$2:$A$63,0)))),"-")) -> 4NP 2080亿（GPU） | G31: =IF(G$6="","",IFERROR(IF(ISTEXT(INDEX(速览对比!$AP$2:$AP$63,MATCH(G$6,速览对比!$A$2:$A$63,0))),INDEX(速览对比!$AP$2:$AP$63,MATCH(G$6,速览对比!$A$2:$A$63,0)),IF(INDEX(速览对比!$AP$2:$AP$63,MATCH(G$6,速览对比!$A$2:$A$63,0))=0,"",INDEX(速览对比!$AP$2:$AP$63,MATCH(G$6,速览对比!$A$2:$A$63,0)))),"-")) | H31: =IF(H$6="","",IFERROR(IF(ISTEXT(INDEX(速览对比!$AP$2:$AP$63,MATCH(H$6,速览对比!$A$2:$A$63,0))),INDEX(速览对比!$AP$2:$AP$63,MATCH(H$6,速览对比!$A$2:$A$63,0)),IF(INDEX(速览对比!$AP$2:$AP$63,MATCH(H$6,速览对比!$A$2:$A$63,0))=0,"",INDEX(速览对比!$AP$2:$AP$63,MATCH(H$6,速览对比!$A$2:$A$63,0)))),"-"))
B32: =速览对比!$AQ$1 -> Form Factor / 外形 | C32: =IF(C$6="","",IFERROR(IF(ISTEXT(INDEX(速览对比!$AQ$2:$AQ$63,MATCH(C$6,速览对比!$A$2:$A$63,0))),INDEX(速览对比!$AQ$2:$AQ$63,MATCH(C$6,速览对比!$A$2:$A$63,0)),IF(INDEX(速览对比!$AQ$2:$AQ$63,MATCH(C$6,速览对比!$A$2:$A$63,0))=0,"",INDEX(速览对比!$AQ$2:$AQ$63,MATCH(C$6,速览对比!$A$2:$A$63,0)))),"-")) -> SXM6 接口，适用于NVLink专用主板（需液冷） | D32: =IF(D$6="","",IFERROR(IF(ISTEXT(INDEX(速览对比!$AQ$2:$AQ$63,MATCH(D$6,速览对比!$A$2:$A$63,0))),INDEX(速览对比!$AQ$2:$AQ$63,MATCH(D$6,速览对比!$A$2:$A$63,0)),IF(INDEX(速览对比!$AQ$2:$AQ$63,MATCH(D$6,速览对比!$A$2:$A$63,0))=0,"",INDEX(速览对比!$AQ$2:$AQ$63,MATCH(D$6,速览对比!$A$2:$A$63,0)))),"-")) -> SXM 接口，适合于NVLink专用主板 | E32: =IF(E$6="","",IFERROR(IF(ISTEXT(INDEX(速览对比!$AQ$2:$AQ$63,MATCH(E$6,速览对比!$A$2:$A$63,0))),INDEX(速览对比!$AQ$2:$AQ$63,MATCH(E$6,速览对比!$A$2:$A$63,0)),IF(INDEX(速览对比!$AQ$2:$AQ$63,MATCH(E$6,速览对比!$A$2:$A$63,0))=0,"",INDEX(速览对比!$AQ$2:$AQ$63,MATCH(E$6,速览对比!$A$2:$A$63,0)))),"-")) -> SXM 接口，适合于NVLink专用主板 | F32: =IF(F$6="","",IFERROR(IF(ISTEXT(INDEX(速览对比!$AQ$2:$AQ$63,MATCH(F$6,速览对比!$A$2:$A$63,0))),INDEX(速览对比!$AQ$2:$AQ$63,MATCH(F$6,速览对比!$A$2:$A$63,0)),IF(INDEX(速览对比!$AQ$2:$AQ$63,MATCH(F$6,速览对比!$A$2:$A$63,0))=0,"",INDEX(速览对比!$AQ$2:$AQ$63,MATCH(F$6,速览对比!$A$2:$A$63,0)))),"-")) -> GB300 超级芯片（1×Grace+2×B300）/ NVL72 整柜全液冷 | G32: =IF(G$6="","",IFERROR(IF(ISTEXT(INDEX(速览对比!$AQ$2:$AQ$63,MATCH(G$6,速览对比!$A$2:$A$63,0))),INDEX(速览对比!$AQ$2:$AQ$63,MATCH(G$6,速览对比!$A$2:$A$63,0)),IF(INDEX(速览对比!$AQ$2:$AQ$63,MATCH(G$6,速览对比!$A$2:$A$63,0))=0,"",INDEX(速览对比!$AQ$2:$AQ$63,MATCH(G$6,速览对比!$A$2:$A$63,0)))),"-")) | H32: =IF(H$6="","",IFERROR(IF(ISTEXT(INDEX(速览对比!$AQ$2:$AQ$63,MATCH(H$6,速览对比!$A$2:$A$63,0))),INDEX(速览对比!$AQ$2:$AQ$63,MATCH(H$6,速览对比!$A$2:$A$63,0)),IF(INDEX(速览对比!$AQ$2:$AQ$63,MATCH(H$6,速览对比!$A$2:$A$63,0))=0,"",INDEX(速览对比!$AQ$2:$AQ$63,MATCH(H$6,速览对比!$A$2:$A$63,0)))),"-"))
B33: =速览对比!$AR$1 -> TDP / 设计功耗 | C33: =IF(C$6="","",IFERROR(IF(ISTEXT(INDEX(速览对比!$AR$2:$AR$63,MATCH(C$6,速览对比!$A$2:$A$63,0))),INDEX(速览对比!$AR$2:$AR$63,MATCH(C$6,速览对比!$A$2:$A$63,0)),IF(INDEX(速览对比!$AR$2:$AR$63,MATCH(C$6,速览对比!$A$2:$A$63,0))=0,"",INDEX(速览对比!$AR$2:$AR$63,MATCH(C$6,速览对比!$A$2:$A$63,0)))),"-")) -> 1400W | D33: =IF(D$6="","",IFERROR(IF(ISTEXT(INDEX(速览对比!$AR$2:$AR$63,MATCH(D$6,速览对比!$A$2:$A$63,0))),INDEX(速览对比!$AR$2:$AR$63,MATCH(D$6,速览对比!$A$2:$A$63,0)),IF(INDEX(速览对比!$AR$2:$AR$63,MATCH(D$6,速览对比!$A$2:$A$63,0))=0,"",INDEX(速览对比!$AR$2:$AR$63,MATCH(D$6,速览对比!$A$2:$A$63,0)))),"-")) -> 1000W | E33: =IF(E$6="","",IFERROR(IF(ISTEXT(INDEX(速览对比!$AR$2:$AR$63,MATCH(E$6,速览对比!$A$2:$A$63,0))),INDEX(速览对比!$AR$2:$AR$63,MATCH(E$6,速览对比!$A$2:$A$63,0)),IF(INDEX(速览对比!$AR$2:$AR$63,MATCH(E$6,速览对比!$A$2:$A$63,0))=0,"",INDEX(速览对比!$AR$2:$AR$63,MATCH(E$6,速览对比!$A$2:$A$63,0)))),"-")) -> 700W | F33: =IF(F$6="","",IFERROR(IF(ISTEXT(INDEX(速览对比!$AR$2:$AR$63,MATCH(F$6,速览对比!$A$2:$A$63,0))),INDEX(速览对比!$AR$2:$AR$63,MATCH(F$6,速览对比!$A$2:$A$63,0)),IF(INDEX(速览对比!$AR$2:$AR$63,MATCH(F$6,速览对比!$A$2:$A$63,0))=0,"",INDEX(速览对比!$AR$2:$AR$63,MATCH(F$6,速览对比!$A$2:$A$63,0)))),"-")) -> ≈1,400W（GPU）；整柜≈135kW | G33: =IF(G$6="","",IFERROR(IF(ISTEXT(INDEX(速览对比!$AR$2:$AR$63,MATCH(G$6,速览对比!$A$2:$A$63,0))),INDEX(速览对比!$AR$2:$AR$63,MATCH(G$6,速览对比!$A$2:$A$63,0)),IF(INDEX(速览对比!$AR$2:$AR$63,MATCH(G$6,速览对比!$A$2:$A$63,0))=0,"",INDEX(速览对比!$AR$2:$AR$63,MATCH(G$6,速览对比!$A$2:$A$63,0)))),"-")) | H33: =IF(H$6="","",IFERROR(IF(ISTEXT(INDEX(速览对比!$AR$2:$AR$63,MATCH(H$6,速览对比!$A$2:$A$63,0))),INDEX(速览对比!$AR$2:$AR$63,MATCH(H$6,速览对比!$A$2:$A$63,0)),IF(INDEX(速览对比!$AR$2:$AR$63,MATCH(H$6,速览对比!$A$2:$A$63,0))=0,"",INDEX(速览对比!$AR$2:$AR$63,MATCH(H$6,速览对比!$A$2:$A$63,0)))),"-"))
B36: 数值指标（随选择自动更新，供下方柱状图）
B37: 指标 \ 型号 | C37: =IF(C$6="","",C$6) -> B300 SXM | D37: =IF(D$6="","",D$6) -> B200 SXM | E37: =IF(E$6="","",E$6) -> H100 SXM | F37: =IF(F$6="","",F$6) -> GB300 NVL72 | G37: =IF(G$6="","",G$6) | H37: =IF(H$6="","",H$6)
B38: FP32 算力 (TFLOPS) | C38: =IF(C$6="","",IFERROR(IF(INDEX(数值数据!$B$6:$BN$6,MATCH(C$6,数值数据!$B$1:$BN$1,0))=0,"",INDEX(数值数据!$B$6:$BN$6,MATCH(C$6,数值数据!$B$1:$BN$1,0))),"")) -> 75 | D38: =IF(D$6="","",IFERROR(IF(INDEX(数值数据!$B$6:$BN$6,MATCH(D$6,数值数据!$B$1:$BN$1,0))=0,"",INDEX(数值数据!$B$6:$BN$6,MATCH(D$6,数值数据!$B$1:$BN$1,0))),"")) -> 75 | E38: =IF(E$6="","",IFERROR(IF(INDEX(数值数据!$B$6:$BN$6,MATCH(E$6,数值数据!$B$1:$BN$1,0))=0,"",INDEX(数值数据!$B$6:$BN$6,MATCH(E$6,数值数据!$B$1:$BN$1,0))),"")) -> 67 | F38: =IF(F$6="","",IFERROR(IF(INDEX(数值数据!$B$6:$BN$6,MATCH(F$6,数值数据!$B$1:$BN$1,0))=0,"",INDEX(数值数据!$B$6:$BN$6,MATCH(F$6,数值数据!$B$1:$BN$1,0))),"")) -> 83 | G38: =IF(G$6="","",IFERROR(IF(INDEX(数值数据!$B$6:$BN$6,MATCH(G$6,数值数据!$B$1:$BN$1,0))=0,"",INDEX(数值数据!$B$6:$BN$6,MATCH(G$6,数值数据!$B$1:$BN$1,0))),"")) | H38: =IF(H$6="","",IFERROR(IF(INDEX(数值数据!$B$6:$BN$6,MATCH(H$6,数值数据!$B$1:$BN$1,0))=0,"",INDEX(数值数据!$B$6:$BN$6,MATCH(H$6,数值数据!$B$1:$BN$1,0))),""))
B39: FP16 Tensor 稠密 (TFLOPS) | C39: =IF(C$6="","",IFERROR(IF(INDEX(数值数据!$B$7:$BN$7,MATCH(C$6,数值数据!$B$1:$BN$1,0))=0,"",INDEX(数值数据!$B$7:$BN$7,MATCH(C$6,数值数据!$B$1:$BN$1,0))),"")) -> 2250 | D39: =IF(D$6="","",IFERROR(IF(INDEX(数值数据!$B$7:$BN$7,MATCH(D$6,数值数据!$B$1:$BN$1,0))=0,"",INDEX(数值数据!$B$7:$BN$7,MATCH(D$6,数值数据!$B$1:$BN$1,0))),"")) -> 2250 | E39: =IF(E$6="","",IFERROR(IF(INDEX(数值数据!$B$7:$BN$7,MATCH(E$6,数值数据!$B$1:$BN$1,0))=0,"",INDEX(数值数据!$B$7:$BN$7,MATCH(E$6,数值数据!$B$1:$BN$1,0))),"")) -> 989 | F39: =IF(F$6="","",IFERROR(IF(INDEX(数值数据!$B$7:$BN$7,MATCH(F$6,数值数据!$B$1:$BN$1,0))=0,"",INDEX(数值数据!$B$7:$BN$7,MATCH(F$6,数值数据!$B$1:$BN$1,0))),"")) -> 2500 | G39: =IF(G$6="","",IFERROR(IF(INDEX(数值数据!$B$7:$BN$7,MATCH(G$6,数值数据!$B$1:$BN$1,0))=0,"",INDEX(数值数据!$B$7:$BN$7,MATCH(G$6,数值数据!$B$1:$BN$1,0))),"")) | H39: =IF(H$6="","",IFERROR(IF(INDEX(数值数据!$B$7:$BN$7,MATCH(H$6,数值数据!$B$1:$BN$1,0))=0,"",INDEX(数值数据!$B$7:$BN$7,MATCH(H$6,数值数据!$B$1:$BN$1,0))),""))
B40: FP16 Tensor 稀疏 (TFLOPS) | C40: =IF(C$6="","",IFERROR(IF(INDEX(数值数据!$B$8:$BN$8,MATCH(C$6,数值数据!$B$1:$BN$1,0))=0,"",INDEX(数值数据!$B$8:$BN$8,MATCH(C$6,数值数据!$B$1:$BN$1,0))),"")) -> 4500 | D40: =IF(D$6="","",IFERROR(IF(INDEX(数值数据!$B$8:$BN$8,MATCH(D$6,数值数据!$B$1:$BN$1,0))=0,"",INDEX(数值数据!$B$8:$BN$8,MATCH(D$6,数值数据!$B$1:$BN$1,0))),"")) -> 4500 | E40: =IF(E$6="","",IFERROR(IF(INDEX(数值数据!$B$8:$BN$8,MATCH(E$6,数值数据!$B$1:$BN$1,0))=0,"",INDEX(数值数据!$B$8:$BN$8,MATCH(E$6,数值数据!$B$1:$BN$1,0))),"")) -> 1979 | F40: =IF(F$6="","",IFERROR(IF(INDEX(数值数据!$B$8:$BN$8,MATCH(F$6,数值数据!$B$1:$BN$1,0))=0,"",INDEX(数值数据!$B$8:$BN$8,MATCH(F$6,数值数据!$B$1:$BN$1,0))),"")) -> 5000 | G40: =IF(G$6="","",IFERROR(IF(INDEX(数值数据!$B$8:$BN$8,MATCH(G$6,数值数据!$B$1:$BN$1,0))=0,"",INDEX(数值数据!$B$8:$BN$8,MATCH(G$6,数值数据!$B$1:$BN$1,0))),"")) | H40: =IF(H$6="","",IFERROR(IF(INDEX(数值数据!$B$8:$BN$8,MATCH(H$6,数值数据!$B$1:$BN$1,0))=0,"",INDEX(数值数据!$B$8:$BN$8,MATCH(H$6,数值数据!$B$1:$BN$1,0))),""))
B41: FP4 稠密算力 (PFLOPS，仅 Blackwell) | C41: =IF(C$6="","",IFERROR(IF(INDEX(数值数据!$B$10:$BN$10,MATCH(C$6,数值数据!$B$1:$BN$1,0))=0,"",INDEX(数值数据!$B$10:$BN$10,MATCH(C$6,数值数据!$B$1:$BN$1,0))),"")) -> 13.5 | D41: =IF(D$6="","",IFERROR(IF(INDEX(数值数据!$B$10:$BN$10,MATCH(D$6,数值数据!$B$1:$BN$1,0))=0,"",INDEX(数值数据!$B$10:$BN$10,MATCH(D$6,数值数据!$B$1:$BN$1,0))),"")) -> 9 | E41: =IF(E$6="","",IFERROR(IF(INDEX(数值数据!$B$10:$BN$10,MATCH(E$6,数值数据!$B$1:$BN$1,0))=0,"",INDEX(数值数据!$B$10:$BN$10,MATCH(E$6,数值数据!$B$1:$BN$1,0))),"")) | F41: =IF(F$6="","",IFERROR(IF(INDEX(数值数据!$B$10:$BN$10,MATCH(F$6,数值数据!$B$1:$BN$1,0))=0,"",INDEX(数值数据!$B$10:$BN$10,MATCH(F$6,数值数据!$B$1:$BN$1,0))),"")) -> 15 | G41: =IF(G$6="","",IFERROR(IF(INDEX(数值数据!$B$10:$BN$10,MATCH(G$6,数值数据!$B$1:$BN$1,0))=0,"",INDEX(数值数据!$B$10:$BN$10,MATCH(G$6,数值数据!$B$1:$BN$1,0))),"")) | H41: =IF(H$6="","",IFERROR(IF(INDEX(数值数据!$B$10:$BN$10,MATCH(H$6,数值数据!$B$1:$BN$1,0))=0,"",INDEX(数值数据!$B$10:$BN$10,MATCH(H$6,数值数据!$B$1:$BN$1,0))),""))
B42: INT8 峰值 (TOPS) | C42: =IF(C$6="","",IFERROR(IF(INDEX(数值数据!$B$9:$BN$9,MATCH(C$6,数值数据!$B$1:$BN$1,0))=0,"",INDEX(数值数据!$B$9:$BN$9,MATCH(C$6,数值数据!$B$1:$BN$1,0))),"")) -> 375 | D42: =IF(D$6="","",IFERROR(IF(INDEX(数值数据!$B$9:$BN$9,MATCH(D$6,数值数据!$B$1:$BN$1,0))=0,"",INDEX(数值数据!$B$9:$BN$9,MATCH(D$6,数值数据!$B$1:$BN$1,0))),"")) -> 9000 | E42: =IF(E$6="","",IFERROR(IF(INDEX(数值数据!$B$9:$BN$9,MATCH(E$6,数值数据!$B$1:$BN$1,0))=0,"",INDEX(数值数据!$B$9:$BN$9,MATCH(E$6,数值数据!$B$1:$BN$1,0))),"")) -> 3958 | F42: =IF(F$6="","",IFERROR(IF(INDEX(数值数据!$B$9:$BN$9,MATCH(F$6,数值数据!$B$1:$BN$1,0))=0,"",INDEX(数值数据!$B$9:$BN$9,MATCH(F$6,数值数据!$B$1:$BN$1,0))),"")) -> 375 | G42: =IF(G$6="","",IFERROR(IF(INDEX(数值数据!$B$9:$BN$9,MATCH(G$6,数值数据!$B$1:$BN$1,0))=0,"",INDEX(数值数据!$B$9:$BN$9,MATCH(G$6,数值数据!$B$1:$BN$1,0))),"")) | H42: =IF(H$6="","",IFERROR(IF(INDEX(数值数据!$B$9:$BN$9,MATCH(H$6,数值数据!$B$1:$BN$1,0))=0,"",INDEX(数值数据!$B$9:$BN$9,MATCH(H$6,数值数据!$B$1:$BN$1,0))),""))
B43: 显存容量 (GB) | C43: =IF(C$6="","",IFERROR(IF(INDEX(数值数据!$B$12:$BN$12,MATCH(C$6,数值数据!$B$1:$BN$1,0))=0,"",INDEX(数值数据!$B$12:$BN$12,MATCH(C$6,数值数据!$B$1:$BN$1,0))),"")) -> 288 | D43: =IF(D$6="","",IFERROR(IF(INDEX(数值数据!$B$12:$BN$12,MATCH(D$6,数值数据!$B$1:$BN$1,0))=0,"",INDEX(数值数据!$B$12:$BN$12,MATCH(D$6,数值数据!$B$1:$BN$1,0))),"")) -> 192 | E43: =IF(E$6="","",IFERROR(IF(INDEX(数值数据!$B$12:$BN$12,MATCH(E$6,数值数据!$B$1:$BN$1,0))=0,"",INDEX(数值数据!$B$12:$BN$12,MATCH(E$6,数值数据!$B$1:$BN$1,0))),"")) -> 80 | F43: =IF(F$6="","",IFERROR(IF(INDEX(数值数据!$B$12:$BN$12,MATCH(F$6,数值数据!$B$1:$BN$1,0))=0,"",INDEX(数值数据!$B$12:$BN$12,MATCH(F$6,数值数据!$B$1:$BN$1,0))),"")) -> 288 | G43: =IF(G$6="","",IFERROR(IF(INDEX(数值数据!$B$12:$BN$12,MATCH(G$6,数值数据!$B$1:$BN$1,0))=0,"",INDEX(数值数据!$B$12:$BN$12,MATCH(G$6,数值数据!$B$1:$BN$1,0))),"")) | H43: =IF(H$6="","",IFERROR(IF(INDEX(数值数据!$B$12:$BN$12,MATCH(H$6,数值数据!$B$1:$BN$1,0))=0,"",INDEX(数值数据!$B$12:$BN$12,MATCH(H$6,数值数据!$B$1:$BN$1,0))),""))
B44: 显存带宽 (GB/s) | C44: =IF(C$6="","",IFERROR(IF(INDEX(数值数据!$B$13:$BN$13,MATCH(C$6,数值数据!$B$1:$BN$1,0))=0,"",INDEX(数值数据!$B$13:$BN$13,MATCH(C$6,数值数据!$B$1:$BN$1,0))),"")) -> 8000 | D44: =IF(D$6="","",IFERROR(IF(INDEX(数值数据!$B$13:$BN$13,MATCH(D$6,数值数据!$B$1:$BN$1,0))=0,"",INDEX(数值数据!$B$13:$BN$13,MATCH(D$6,数值数据!$B$1:$BN$1,0))),"")) -> 8000 | E44: =IF(E$6="","",IFERROR(IF(INDEX(数值数据!$B$13:$BN$13,MATCH(E$6,数值数据!$B$1:$BN$1,0))=0,"",INDEX(数值数据!$B$13:$BN$13,MATCH(E$6,数值数据!$B$1:$BN$1,0))),"")) -> 3350 | F44: =IF(F$6="","",IFERROR(IF(INDEX(数值数据!$B$13:$BN$13,MATCH(F$6,数值数据!$B$1:$BN$1,0))=0,"",INDEX(数值数据!$B$13:$BN$13,MATCH(F$6,数值数据!$B$1:$BN$1,0))),"")) -> 8000 | G44: =IF(G$6="","",IFERROR(IF(INDEX(数值数据!$B$13:$BN$13,MATCH(G$6,数值数据!$B$1:$BN$1,0))=0,"",INDEX(数值数据!$B$13:$BN$13,MATCH(G$6,数值数据!$B$1:$BN$1,0))),"")) | H44: =IF(H$6="","",IFERROR(IF(INDEX(数值数据!$B$13:$BN$13,MATCH(H$6,数值数据!$B$1:$BN$1,0))=0,"",INDEX(数值数据!$B$13:$BN$13,MATCH(H$6,数值数据!$B$1:$BN$1,0))),""))
B45: TDP (W) | C45: =IF(C$6="","",IFERROR(IF(INDEX(数值数据!$B$14:$BN$14,MATCH(C$6,数值数据!$B$1:$BN$1,0))=0,"",INDEX(数值数据!$B$14:$BN$14,MATCH(C$6,数值数据!$B$1:$BN$1,0))),"")) -> 1400 | D45: =IF(D$6="","",IFERROR(IF(INDEX(数值数据!$B$14:$BN$14,MATCH(D$6,数值数据!$B$1:$BN$1,0))=0,"",INDEX(数值数据!$B$14:$BN$14,MATCH(D$6,数值数据!$B$1:$BN$1,0))),"")) -> 1000 | E45: =IF(E$6="","",IFERROR(IF(INDEX(数值数据!$B$14:$BN$14,MATCH(E$6,数值数据!$B$1:$BN$1,0))=0,"",INDEX(数值数据!$B$14:$BN$14,MATCH(E$6,数值数据!$B$1:$BN$1,0))),"")) -> 700 | F45: =IF(F$6="","",IFERROR(IF(INDEX(数值数据!$B$14:$BN$14,MATCH(F$6,数值数据!$B$1:$BN$1,0))=0,"",INDEX(数值数据!$B$14:$BN$14,MATCH(F$6,数值数据!$B$1:$BN$1,0))),"")) -> 1400 | G45: =IF(G$6="","",IFERROR(IF(INDEX(数值数据!$B$14:$BN$14,MATCH(G$6,数值数据!$B$1:$BN$1,0))=0,"",INDEX(数值数据!$B$14:$BN$14,MATCH(G$6,数值数据!$B$1:$BN$1,0))),"")) | H45: =IF(H$6="","",IFERROR(IF(INDEX(数值数据!$B$14:$BN$14,MATCH(H$6,数值数据!$B$1:$BN$1,0))=0,"",INDEX(数值数据!$B$14:$BN$14,MATCH(H$6,数值数据!$B$1:$BN$1,0))),""))

Sheet 数值数据
A1: 型号 | B1: GB300 NVL72 | C1: B300 SXM | D1: B200 SXM | E1: RTX PRO 6000 Blackwell | F1: RTX PRO 6000D Blackwell | G1: RTX PRO 5000 Blackwell | H1: RTX PRO 4500 Blackwell | I1: RTX PRO 4000 Blackwell | J1: RTX 5090 | K1: RTX 5090D | L1: H200 SXM | M1: H200 PCIe（NVL） | N1: H100 SXM | O1: H800 SXM | P1: H100 PCIe | Q1: H800 PCIe | R1: H20 SXM 96GB | S1: L40S | T1: L40 | U1: L20 PCIe | V1: L2 PCIe | W1: RTX4090 | X1: A800 SXM 80GB | Y1: A800 PCIe 80GB | Z1: A100 SXM4 40GB | AA1: A100 PCIe 40GB | AB1: A40 | AC1: A40 | AD1: A40 | AE1: A30 | AF1: A30 | AG1: A10 | AH1: RTX A6000 | AI1: RTX 3090 | AJ1: RTX 3080 | AK1: RTX 3070 | AL1: T4 | AM1: RTX 8000 | AN1: RTX 8000 | AO1: RTX 6000 | AP1: RTX 6000 | AQ1: RTX 5000 | AR1: RTX 4000 | AS1: Titan RTX | AT1: RTX 2080 Ti (EOL) | AU1: RTX 2080 SUPER (EOL) | AV1: RTX 2080 (EOL) | AW1: RTX 2070 (EOL) | AX1: V100S | AY1: V100 SXM2 | AZ1: V100 | BA1: Titan V (EOL) | BB1: GV100 (EOL) | BC1: GP100 (EOL) | BD1: P100 SXM2 (EOL) | BE1: P100 (EOL) | BF1: P40 (EOL) | BG1: P4 (EOL) | BH1: Titan Xp (EOL) | BI1: GTX 1080 Ti FE (EOL) | BJ1: P6000 (EOL) | BK1: P5000 (EOL) | BL1: P4000 (EOL) | BM1: RTX 5080 | BN1: RTX 5070 Ti
A2: 架构 | B2: GB300（Blackwell Ultra） | C2: GB300（Blackwell Ultra） | D2: GB100（Blackwell，双芯粒） | E2: GB202（Blackwell） | F2: GB202（Blackwell） | G2: GB202（Blackwell） | H2: GB203（Blackwell） | I2: GB203（Blackwell） | J2: GB202（Blackwell） | K2: GB202（Blackwell） | L2: GH100（Hopper） | M2: GH100（Hopper） | N2: GH100（Hopper） | O2: GH100（Hopper） | P2: GH100（Hopper） | Q2: GH100（Hopper） | R2: GH100（Hopper） | S2: AD102（Ada Lovelace） | T2: AD102（Ada Lovelace） | U2: AD102（Ada Lovelace） | V2: AD106（Ada Lovelace） | W2: AD102（Ada Lovelace） | X2: GA100 (Ampere) | Y2: GA100 (Ampere) | Z2: GA100 (Ampere) | AA2: GA100 (Ampere) | AB2: GA102 (Ampere) | AC2: GA102 (Ampere) | AD2: GA102 (Ampere) | AE2: GA100（Ampere） | AF2: GA100（Ampere） | AG2: GA102（Ampere） | AH2: GA102 (Ampere) | AI2: GA102 (Ampere) | AJ2: GA102 (Ampere) | AK2: GA104 (Ampere) | AL2: TU104 (Turing) | AM2: TU102 (Turing) | AN2: TU102 (Turing) | AO2: TU102 (Turing) | AP2: TU102 (Turing) | AQ2: TU104 (Turing) | AR2: TU104 (Turing) | AS2: TU102 (Turing) | AT2: TU102 (Turing) | AU2: TU104 (Turing) | AV2: TU104 (Turing) | AW2: TU106 (Turing) | AX2: GV100 (Volta) | AY2: GV100 (Volta) | AZ2: GV100 (Volta) | BA2: GV100 (Volta) | BB2: GV100 (Volta) | BC2: GP100 (Pascal) | BD2: GP100 (Pascal) | BE2: GP100 (Pascal) | BF2: GP102 (Pascal) | BG2: GP104 (Pascal) | BH2: GP102 (Pascal) | BI2: GP102 (Pascal) | BJ2: GP102 (Pascal) | BK2: GP104 (Pascal) | BL2: GP104 (Pascal) | BM2: GB203（Blackwell） | BN2: GB203（Blackwell）
A3: 分类 | B3: 数据中心 | C3: 数据中心 | D3: 数据中心 | E3: 专业工作站 | F3: 专业工作站 | G3: 专业工作站 | H3: 专业工作站 | I3: 专业工作站 | J3: 消费级 | K3: 消费级 | L3: 数据中心 | M3: 数据中心 | N3: 数据中心 | O3: 数据中心 | P3: 数据中心 | Q3: 数据中心 | R3: 数据中心 | S3: 数据中心 | T3: 数据中心 | U3: 数据中心 | V3: 数据中心 | W3: 消费级 | X3: 数据中心 | Y3: 数据中心 | Z3: 数据中心 | AA3: 数据中心 | AB3: 数据中心 | AC3: 数据中心 | AD3: 数据中心 | AE3: 数据中心 | AF3: 数据中心 | AG3: 数据中心 | AH3: 专业工作站 | AI3: 消费级 | AJ3: 消费级 | AK3: 消费级 | AL3: 数据中心 | AM3: 专业工作站 | AN3: 专业工作站 | AO3: 专业工作站 | AP3: 专业工作站 | AQ3: 专业工作站 | AR3: 专业工作站 | AS3: 消费级 | AT3: 消费级 | AU3: 消费级 | AV3: 消费级 | AW3: 消费级 | AX3: 数据中心 | AY3: 数据中心 | AZ3: 数据中心 | BA3: 消费级 | BB3: 数据中心 | BC3: 数据中心 | BD3: 数据中心 | BE3: 数据中心 | BF3: 数据中心 | BG3: 数据中心 | BH3: 消费级 | BI3: 消费级 | BJ3: 专业工作站 | BK3: 专业工作站 | BL3: 专业工作站 | BM3: 消费级 | BN3: 消费级
A4: CUDA 核心数 | B4: 16896 | C4: 16896 | D4: 16896 | E4: 24064 | F4: 19968 | G4: 14080 | H4: 10496 | I4: 8960 | J4: 21760 | K4: 21760 | L4: 16896 | M4: 16896 | N4: 16896 | O4: 16896 | P4: 14592 | Q4: 14592 | R4: 9984 | S4: 18176 | T4: 18176 | U4: 11776 | W4: 16384 | X4: 6912 | Y4: 6912 | Z4: 6912 | AA4: 6912 | AB4: 10752 | AC4: 10752 | AD4: 10752 | AE4: 3584 | AF4: 3584 | AG4: 9216 | AH4: 10752 | AI4: 10496 | AJ4: 8704 | AK4: 5888 | AL4: 2560 | AM4: 4608 | AN4: 4608 | AO4: 4608 | AP4: 4608 | AQ4: 3072 | AR4: 2304 | AS4: 4608 | AT4: 4352 | AU4: 3072 | AV4: 2944 | AW4: 2304 | AX4: 5120 | AY4: 5120 | AZ4: 5120 | BA4: 5120 | BB4: 5120 | BC4: 3584 | BD4: 3584 | BE4: 3584 | BF4: 3840 | BG4: 2560 | BH4: 3840 | BI4: 3584 | BJ4: 3840 | BK4: 2560 | BL4: 1792 | BM4: 10752 | BN4: 8960
A5: Tensor 核数 | B5: 528 | C5: 528 | D5: 528 | E5: 752 | F5: 624 | G5: 440 | H5: 328 | I5: 280 | J5: 680 | K5: 680 | L5: 528 | M5: 528 | N5: 528 | O5: 528 | P5: 456 | Q5: 456 | R5: 312 | S5: 568 | T5: 568 | U5: 368 | W5: 512 | X5: 432 | Y5: 432 | Z5: 432 | AA5: 432 | AB5: 336 | AC5: 336 | AD5: 336 | AE5: 224 | AF5: 224 | AG5: 288 | AH5: 336 | AI5: 328 | AJ5: 272 | AK5: 184 | AL5: 320 | AM5: 576 | AN5: 576 | AO5: 576 | AP5: 576 | AQ5: 384 | AR5: 288 | AS5: 576 | AT5: 544 | AU5: 384 | AV5: 368 | AW5: 288 | AX5: 640 | AY5: 640 | AZ5: 640 | BA5: 640 | BB5: 640 | BM5: 336 | BN5: 280
A6: FP32 算力 (TFLOPS) | B6: 83 | C6: 75 | D6: 75 | E6: 125 | F6: 97 | G6: 65 | H6: 51 | I6: 40 | J6: 104.8 | K6: 104.8 | L6: 67 | M6: 60 | N6: 67 | O6: 67 | P6: 51 | Q6: 51 | R6: 44 | S6: 91.61 | T6: 90.52 | U6: 59.8 | V6: 24.1 | W6: 82.6 | X6: 19.49 | Y6: 19.49 | Z6: 19 | AA6: 17 | AB6: 37 | AC6: 37 | AD6: 37 | AE6: 10 | AF6: 10 | AG6: 31 | AH6: 38 | AI6: 35 | AJ6: 30 | AK6: 20 | AL6: 8 | AM6: 16 | AN6: 14.9 | AO6: 16 | AP6: 14.9 | AQ6: 11 | AR6: 7.1 | AS6: 16 | AT6: 14 | AU6: 11 | AV6: 10 | AW6: 7.5 | AX6: 16.4 | AY6: 15 | AZ6: 14 | BA6: 13.8 | BB6: 14.8 | BC6: 10.3 | BD6: 10.6 | BE6: 9.3 | BF6: 12 | BG6: 5.5 | BH6: 12 | BI6: 11.4 | BJ6: 12 | BK6: 8.9 | BL6: 5.3 | BM6: 56.3 | BN6: 43.9
A7: FP16 Tensor 稠密 (TFLOPS) | B7: 2500 | C7: 2250 | D7: 2250 | E7: 500 | F7: 388 | G7: 260 | H7: 204 | I7: 160 | J7: 419 | K7: 297 | L7: 989 | M7: 835 | N7: 989 | O7: 989 | P7: 756 | Q7: 756 | R7: 148 | S7: 362.05 | T7: 181 | U7: 119.5 | V7: 48.3 | W7: 330.3 | X7: 312 | Y7: 312 | Z7: 312 | AA7: 312 | AB7: 149.7 | AC7: 149.7 | AD7: 149.7 | AE7: 165 | AF7: 165 | AG7: 125 | AH7: 154.8 | AI7: 142.4 | AJ7: 119.1 | AK7: 81.3 | AL7: 65 | AM7: 130.5 | AN7: 119 | AO7: 130.5 | AP7: 119 | AQ7: 89.2 | AR7: 57 | AS7: 130.5 | AT7: 113.8 | AU7: 89.2 | AV7: 84.8 | AW7: 59.7 | AX7: 130 | AY7: 125 | AZ7: 112 | BA7: 110 | BB7: 118.5 | BM7: 225.4 | BN7: 175.6
A8: FP16 Tensor 稀疏 (TFLOPS) | B8: 5000 | C8: 4500 | D8: 4500 | E8: 1000 | F8: 776 | G8: 520 | H8: 408 | I8: 320 | J8: 838 | K8: 595 | L8: 1979 | M8: 1671 | N8: 1979 | O8: 1979 | P8: 1513 | Q8: 1513 | R8: 296 | S8: 733 | T8: 362 | U8: 239 | V8: 96.5 | W8: 660.6 | X8: 624 | Y8: 624 | Z8: 624 | AA8: 624 | AB8: 299.3 | AC8: 299.3 | AD8: 299.3 | AE8: 330 | AF8: 330 | AG8: 250 | AH8: 309.7 | AI8: 284.7 | AJ8: 238.2 | AK8: 162.6 | BM8: 450.7 | BN8: 351.3
A9: INT8 峰值 (TOPS) | B9: 375 | C9: 375 | D9: 9000 | E9: 2000 | F9: 1552 | G9: 1040 | H9: 816 | I9: 640 | J9: 1676 | K9: 1190 | L9: 3958 | M9: 3341 | N9: 3958 | O9: 3958 | P9: 3026 | Q9: 3026 | R9: 592 | S9: 1466 | T9: 724 | U9: 478 | V9: 193 | W9: 1321 | X9: 1248 | Y9: 1248 | Z9: 1248 | AA9: 1248 | AB9: 598.6 | AC9: 598.6 | AD9: 598.6 | AE9: 661 | AF9: 661 | AG9: 500 | AH9: 619.4 | AI9: 569.4 | AJ9: 476.4 | AK9: 325.2 | AL9: 130 | AM9: 261 | AN9: 238 | AO9: 261 | AP9: 238 | AQ9: 178 | AR9: 114 | AS9: 261 | AT9: 227 | AU9: 178 | AV9: 170 | AW9: 119 | AX9: 66 | AY9: 63 | AZ9: 56 | BA9: 55 | BB9: 59 | BF9: 47 | BG9: 22 | BH9: 48 | BI9: 45 | BJ9: 48 | BK9: 36 | BL9: 21 | BM9: 901.4 | BN9: 702.6
A10: FP4 稠密 (PFLOPS) | B10: 15 | C10: 13.5 | D10: 9 | E10: 2 | F10: 1.6 | G10: 1 | H10: 0.8 | I10: 0.64 | J10: 1.68 | K10: 1.19 | BM10: 0.9 | BN10: 0.7
A11: FP4 稀疏 (PFLOPS) | B11: 20 | C11: 18 | D11: 18 | E11: 4 | F11: 3.1 | G11: 2.1 | H11: 1.6 | I11: 1.29 | J11: 3.35 | K11: 2.38 | BM11: 1.8 | BN11: 1.4
A12: 显存容量 (GB) | B12: 288 | C12: 288 | D12: 192 | E12: 96 | F12: 84 | G12: 48 | H12: 32 | I12: 24 | J12: 32 | K12: 32 | L12: 141 | M12: 141 | N12: 80 | O12: 80 | P12: 80 | Q12: 80 | R12: 96 | S12: 48 | T12: 48 | U12: 48 | V12: 24 | W12: 24 | X12: 80 | Y12: 80 | Z12: 40 | AA12: 40 | AB12: 48 | AC12: 48 | AD12: 48 | AE12: 24 | AF12: 24 | AG12: 24 | AH12: 48 | AI12: 24 | AJ12: 10 | AK12: 8 | AL12: 16 | AM12: 48 | AN12: 48 | AO12: 24 | AP12: 24 | AQ12: 16 | AR12: 8 | AS12: 24 | AT12: 11 | AU12: 8 | AV12: 8 | AW12: 8 | AX12: 32 | AY12: 32 | AZ12: 32 | BA12: 12 | BB12: 32 | BC12: 16 | BD12: 16 | BE12: 16 | BF12: 24 | BG12: 8 | BH12: 12 | BI12: 11 | BJ12: 24 | BK12: 16 | BL12: 8 | BM12: 16 | BN12: 16
A13: 显存带宽 (GB/s) | B13: 8000 | C13: 8000 | D13: 8000 | E13: 1792 | F13: 1398 | G13: 1344 | H13: 896 | I13: 672 | J13: 1792 | K13: 1792 | L13: 4800 | M13: 4800 | N13: 3350 | O13: 3350 | P13: 2000 | Q13: 2000 | R13: 4000 | S13: 864 | T13: 864 | U13: 864 | V13: 300 | W13: 1008 | X13: 2039 | Y13: 1935 | Z13: 1555 | AA13: 1555 | AB13: 696 | AC13: 696 | AD13: 696 | AE13: 933 | AF13: 933 | AG13: 600 | AH13: 768 | AI13: 935 | AJ13: 760 | AK13: 448 | AL13: 320 | AM13: 672 | AN13: 624 | AO13: 672 | AP13: 624 | AQ13: 448 | AR13: 416 | AS13: 672 | AT13: 616 | AU13: 496 | AV13: 448 | AW13: 448 | AX13: 1134 | AY13: 900 | AZ13: 900 | BA13: 652.8 | BB13: 870 | BC13: 717 | BD13: 732 | BE13: 732 | BF13: 346 | BG13: 192 | BH13: 547.7 | BI13: 484 | BJ13: 432 | BK13: 288 | BL13: 243 | BM13: 960 | BN13: 896
A14: TDP (W) | B14: 1400 | C14: 1400 | D14: 1000 | E14: 600 | F14: 600 | G14: 300 | H14: 200 | I14: 145 | J14: 575 | K14: 575 | L14: 700 | M14: 600 | N14: 700 | O14: 700 | P14: 350 | Q14: 350 | R14: 400 | S14: 350 | T14: 300 | U14: 275 | V14: 70 | W14: 450 | X14: 400 | Y14: 250 | Z14: 400 | AA14: 250 | AB14: 300 | AC14: 300 | AD14: 300 | AE14: 165 | AF14: 165 | AG14: 150 | AH14: 300 | AI14: 350 | AJ14: 320 | AK14: 220 | AL14: 75 | AM14: 260 | AN14: 250 | AO14: 260 | AP14: 250 | AQ14: 230 | AR14: 125 | AS14: 280 | AT14: 260 | AU14: 250 | AV14: 225 | AW14: 185 | AX14: 250 | AY14: 300 | AZ14: 250 | BA14: 250 | BB14: 250 | BC14: 235 | BD14: 300 | BE14: 250 | BF14: 250 | BG14: 75 | BH14: 250 | BI14: 250 | BJ14: 250 | BK14: 180 | BL14: 105 | BM14: 360 | BN14: 300
A16: 注：本表数值由「速览对比」表文本参数解析而来（²=稀疏口径取峰值，≈=推算值），供「选型对比」表公式与图表引用，请勿手工修改。

Sheet 校对与更新说明
B2: 英伟达系列GPU对照表 — 校对与更新说明（2026-08）
B4: 一、本次更新概要：① 新增6个近年型号列（BD~BI列）：B300 SXM、RTX PRO 6000 Blackwell、RTX PRO 6000D Blackwell、RTX PRO 5000/4500/4000 Blackwell；② 对原有54个型号数据逐项校对，修正错误/补充缺失共80余处。
B5: 二、标记说明：算力值中 “A | B” 表示 稠密 | 稀疏 两种口径；上标 * 与 ² 表示含稀疏（sparsity）加速的峰值；带“≈”为按核心规模/频率推算的约值（官方未公布）。
B6: 三、为保留原表53张产品图片不错位，新增型号统一追加在表右端（BD列起），未插入中间；新增列暂无产品图片。
B7: 四、RTX PRO 6000/5000/4500/4000 按工作站版（Workstation Edition）录入；6000D为国内在售的服务器形态。RTX PRO 系列的 Tensor 算力按官方 FP32/AI TOPS 及架构倍率（FP16=4×FP32、INT8=8×FP32、FP4=16×FP32，稀疏再×2）换算，与官方公布的 AI TOPS（4000/2064/1617/1290）一致。
B8: 五、B300 算力按 HGX/DGX B300（8卡）口径折算单卡：FP4 13.5|18 PFLOPS；GB300 NVL72 整柜口径为 15|20 PFLOPS。B300 的 FP64（约1.2 TFLOPS）与 INT8 较 B200 大幅下调，不适合传统HPC双精度场景。
B9: 六、遗留说明：原表中 A40（M/S列）、RTX 8000（AS/AT列）、RTX 6000（AU/AV列）为重复列，内容一致，已保留未删除；B200 的“2×248.3 TFLOPS”（FP16 non-Tensor）与 PCIe 代际（原表Gen6）官方无明确数据，予以保留并在此提示；H20/L2 的核心频率官方未公布，以“-”标注。
B11: 七、逐项校对记录
B12: 序号 | C12: 位置 | D12: 型号 | E12: 修正前 | F12: 修正后 | G12: 类型 | H12: 依据
B13: 1 | C13: G1:H1 / K1:L1 | D13: H800 / H100 | E13: H800（两列共用）、H100（两列共用） | F13: H800 SXM / H800 PCIe；H100 SXM / H100 PCIe | G13: 表头澄清 | H13: 按外形（SXM/PCIe）与功耗区分两个变体
B14: 2 | C14: O1 / P1 | D14: A800 | E14: 两列均仅标“A800” | F14: A800 SXM 80GB / A800 PCIe 80GB | G14: 表头澄清 | H14: 按外形与功耗（400W/250W）区分
B15: 3 | C15: Q1 / R1 | D15: A100 | E15: A100 / A100 SXM4 | F15: A100 PCIe 40GB / A100 SXM4 40GB | G15: 表头澄清 | H15: 按外形与显存规格区分
B16: 4 | C16: B3 | D16: B200 | E16: “台积电5nm…96GB HBM3e…62.08TFLOPS” | F16: 台积电4NP…192GB HBM3e…FP32 75 TFLOPS | G16: 错误修正 | H16: NVIDIA B200 官方数据
B17: 5 | C17: E3 | D17: L20 | E17: “台积电5nm工艺” | F17: 台积电4N工艺 | G17: 错误修正 | H17: AD102 为 TSMC 4N
B18: 6 | C18: D6/E6/F6 | D18: H20/L20/L2 | E18: “NVIDlA…”拼写错误 | F18: GH100（Hopper）/AD102/AD104（Ada Lovelace） | G18: 格式规范 | H18: NVIDIA 官方/TechPowerUp/渠道资料
B19: 7 | C19: D7/D8 | D19: H20 | E19: （空） | F19: CUDA 9984 / Tensor 312 | G19: 数据补充 | H19: TechPowerUp H20 数据库
B20: 8 | C20: AE8 | D20: RTX4090 | E20: Tensor 核数 128 | F20: 512 | G20: 错误修正 | H20: RTX 4090 = 128 SM × 4（超能网/TechPowerUp）
B21: 9 | C21: AE9/AE10 | D21: RTX4090 | E21: 1580 / 2510 MHz | F21: 2235 / 2520 MHz | G21: 错误修正 | H21: NVIDIA RTX 4090 官方频率
B22: 10 | C22: AF9 | D22: RTX 3090 | E22: 1410 MHz | F22: 1395 MHz | G22: 错误修正 | H22: NVIDIA RTX 3090 官方基础频率
B23: 11 | C23: AW9/AW10 | D23: RTX 5000 | E23: “1620HMz”“1815HMz” | F23: 1620MHz / 1815MHz | G23: 格式规范 | H23: 拼写错误
B24: 12 | C24: AE11 | D24: RTX4090 | E24: “24GbpsGDDR6X” | F24: 21Gbps GDDR6X | G24: 错误修正 | H24: RTX 4090 显存为 21Gbps（带宽1008GB/s可互相验证）
... B51: 39 | C51: BD~BI列 | D51: B300 / RTX PRO 6000/6000D/5000/4500/4000 Blackwell | E51: （新增） | F51: 完整新增6列参数 | G51: 新增型号 | H51: NVIDIA官网规格页、DGX B300官方页、TechPowerUp、渠道拆解（6000D）
B53: 八、主要数据来源
B54: 来源 | C54: URL
B55: NVIDIA RTX PRO 6000 Blackwell 工作站版（官方） | C55: https://www.nvidia.com/en-us/products/workstations/professional-desktop-gpus/rtx-pro-6000/
B56: NVIDIA RTX PRO 6000 Blackwell 服务器版（官方） | C56: https://www.nvidia.com/zh-tw/data-center/rtx-pro-6000-blackwell-server-edition/
B57: NVIDIA RTX PRO 5000 Blackwell（官方） | C57: https://www.nvidia.com/en-us/products/workstations/professional-desktop-gpus/rtx-pro-5000/
B58: NVIDIA RTX PRO 4500 Blackwell 工作站版/服务器版（官方） | C58: https://www.nvidia.com/en-us/products/workstations/professional-desktop-gpus/rtx-pro-4500/ ; https://www.nvidia.com/en-us/data-center/rtx-pro-4500-blackwell-server-edition/
B59: NVIDIA RTX PRO 4000 Blackwell（官方） | C59: https://www.nvidia.com/en-us/products/workstations/professional-desktop-gpus/rtx-pro-4000/
B60: NVIDIA DGX B300（官方） | C60: https://www.nvidia.com/en-us/data-center/dgx-b300/
B61: NVIDIA HGX 平台（官方） | C61: https://www.nvidia.com/en-us/data-center/hgx/
B62: RTX PRO 6000D 渠道/拆解资料 | C62: https://getdeploying.com/gpus/nvidia-rtx-pro-6000d ; https://wiki.hynx.com.cn/entries/nvidia-rtx-pro-6000-blackwell/
B63: TechPowerUp GPU 数据库（H20/L20 等） | C63: https://www.techpowerup.com/gpu-specs/h20.c4420 ; https://www.techpowerup.com/gpu-specs/l20.c4206
B64: 财信证券：NVIDIA H20/L20/L2 芯片参数规格（2023.12） | C64: https://www.hangyan.co/charts/3271066647166714939
B65: 超能网：RTX 4090/4090D 规格 | C65: https://www.expreview.com/91814.html
... B67: Exxact：NVIDIA RTX PRO Blackwell 系列规格 | C67: https://www.exxactcorp.com/blog/components/nvidia-rtx-pro-blackwell-gpus
B69: 九、2026年8月第二次更新：架构排序、新增型号与选型对比工具
B70: 1. 新增 3 款型号：GB300 NVL72（Blackwell Ultra 机柜方案，折算单GPU口径）、RTX 5090、RTX 5090D（中国特供版）。
B71: 2. 「参数对比」表全部 63 款型号按架构代际从新到旧重排：Blackwell Ultra → Blackwell → Hopper → Ada Lovelace → Ampere → Turing → Volta → Pascal → Kepler；同代内按 数据中心 → 专业工作站 → 消费级 及定位排序。原 53 张产品图片已随列移动。
B72: 3. H800 / H100 的 SXM 与 PCIe 两个变体拆分为独立表头（原为合并表头），参数不变。
B73: 4. 新增「选型对比」表：第 6 行下拉选择 3~6 款型号，参数明细、数值指标与 4 张柱状图自动更新；新增「数值数据」表为图表提供数值来源（由参数文本解析，请勿手改）。
B74: 5. RTX 5090：21760 CUDA / 680 Tensor，32GB GDDR7（512-bit，1,792 GB/s），FP32 104.8 TFLOPS，FP4 1.68|3.35 PFLOPS²（3,352 AI TOPS），575W。RTX 5090D 硬件一致，AI 算力限制为 2,375 AI TOPS（约 71%），Tensor 各行按此比例标 ≈；2025年8月起国内市场另有 RTX 5090D V2（24GB GDDR7 / 384-bit，本表未单列）。
B75: 6. GB300 NVL72 列为整柜方案折算单 GPU 口径（NVL72 高功耗 bin：FP4 ≈15|20 PFLOPS²、FP8 ≈5|10 PFLOPS²）；整柜规格：72×B300 GPU + 36×Grace CPU，FP4 稠密 ≈1.1 EFLOPS，显存 ≈20TB HBM3e + 17TB LPDDR5X，NVLink 130 TB/s，整柜功耗 ≈132~140kW。
B76: 7. 提示：第七节「逐项校对记录」中的单元格位置基于重排前的列序（2024原版列序）。
B77: 追加来源：NVIDIA GeForce RTX 5090 官网规格页（nvidia.com/zh-tw/geforce/graphics-cards/50-series/rtx-5090）；NVIDIA DGX B300 / GB300 NVL72 官方资料；TechPowerUp RTX 5090/5090D 数据库；Spheron/VRLA/Pantheon 等 Blackwell Ultra 参数整理（2026年检索）。
B78: 十、2026年8月第三次更新（H20 96GB 校验 / 新增 H200 PCIe）
B79: 1. 新增「H200 PCIe（NVL）」列：141GB HBM3e、4.8TB/s 与 SXM 版一致；算力较 SXM 低约 15%：FP16 835|1,671 TFLOPS²、FP8/INT8 1,671|3,341²、TF32 418|835²、FP32 60、FP64 30|60；600W 可配置，PCIe 5.0 双槽风冷，2/4 卡 NVLink 桥 900GB/s。
B80: 2. H20 SXM 更名「H20 SXM 96GB」，并补全稀疏口径：FP16 148|296 TFLOPS²、TF32 74|148 TFLOPS²、INT8 296|592 TOPS²（原仅列稠密值，且 INT8 单位由 TFLOPS 更正为 TOPS）。
... B103: 十五、2026年8月删除型号：K80 (EOL)（Kepler 架构已停产多年，自「速览对比」「数值数据」及下拉列表移除；现速览 62 款 / 数值数据 65 列）。
